t,x,u,z1_hat,z2_hat,z3_hat
0.00000,0.00002,0.25000,0.00001,0.00249,-0.00008
0.00500,0.00006,0.50000,0.00003,0.00748,-0.00014
0.01000,0.00015,0.75000,0.00009,0.01500,-0.00002
0.01500,0.00030,1.00000,0.00019,0.02507,0.00047
0.02000,0.00052,1.25000,0.00036,0.03774,0.00154
0.02500,0.00084,1.50000,0.00060,0.05304,0.00344
0.03000,0.00126,1.75000,0.00093,0.07102,0.00639
0.03500,0.00180,2.00000,0.00137,0.09170,0.01063
0.04000,0.00248,2.25000,0.00193,0.11514,0.01636
0.04500,0.00330,2.50000,0.00263,0.14137,0.02380
0.05000,0.00429,2.75000,0.00348,0.17042,0.03313
0.05500,0.00546,3.00000,0.00450,0.20234,0.04451
0.06000,0.00683,3.25000,0.00571,0.23715,0.05809
0.06500,0.00840,3.50000,0.00711,0.27489,0.07399
0.07000,0.01020,3.75000,0.00873,0.31558,0.09231
0.07500,0.01224,4.00000,0.01058,0.35925,0.11315
0.08000,0.01454,4.25000,0.01267,0.40592,0.13655
0.08500,0.01710,4.50000,0.01502,0.45561,0.16258
0.09000,0.01995,4.75000,0.01766,0.50834,0.19125
0.09500,0.02310,5.00000,0.02058,0.56413,0.22258
0.10000,0.02655,5.00000,0.02380,0.62049,0.25666
0.10500,0.03030,5.00000,0.02733,0.67743,0.29336
0.11000,0.03435,5.00000,0.03117,0.73493,0.33251
0.11500,0.03870,5.00000,0.03531,0.79297,0.37387
0.12000,0.04335,5.00000,0.03975,0.85152,0.41719
0.12500,0.04830,5.00000,0.04451,0.91055,0.46219
0.13000,0.05355,5.00000,0.04957,0.97001,0.50855
0.13500,0.05910,5.00000,0.05494,1.02988,0.55601
0.14000,0.06495,5.00000,0.06061,1.09011,0.60427
0.14500,0.07110,5.00000,0.06660,1.15067,0.65305
0.15000,0.07755,5.00000,0.07289,1.21152,0.70209
0.15500,0.08430,5.00000,0.07948,1.27263,0.75116
0.16000,0.09135,5.00000,0.08638,1.33395,0.80004
0.16500,0.09870,5.00000,0.09359,1.39546,0.84850
0.17000,0.10635,5.00000,0.10110,1.45713,0.89639
0.17500,0.11430,5.00000,0.10891,1.51893,0.94352
0.18000,0.12255,5.00000,0.11703,1.58084,0.98976
0.18500,0.13110,5.00000,0.12544,1.64282,1.03499
0.19000,0.13995,5.00000,0.13417,1.70487,1.07909
0.19500,0.14910,5.00000,0.14319,1.76696,1.12199
0.20000,0.15855,5.00000,0.15252,1.82907,1.16360
0.20500,0.16830,5.00000,0.16214,1.89119,1.20387
0.21000,0.17835,5.00000,0.17207,1.95330,1.24276
0.21500,0.18870,5.00000,0.18230,2.01540,1.28023
0.22000,0.19935,5.00000,0.19283,2.07747,1.31626
0.22500,0.21030,5.00000,0.20366,2.13951,1.35084
0.23000,0.22155,5.00000,0.21478,2.20150,1.38397
0.23500,0.23310,5.00000,0.22621,2.26344,1.41565
0.24000,0.24495,5.00000,0.23794,2.32533,1.44591
0.24500,0.25710,5.00000,0.24997,2.38716,1.47475
0.25000,0.26955,5.00000,0.26229,2.44892,1.50221
0.25500,0.28230,5.00000,0.27492,2.51062,1.52830
0.26000,0.29535,5.00000,0.28785,2.57226,1.55307
0.26500,0.30870,5.00000,0.30107,2.63382,1.57655
0.27000,0.32235,5.00000,0.31459,2.69532,1.59878
0.27500,0.33630,5.00000,0.32842,2.75675,1.61980
0.28000,0.35055,5.00000,0.34254,2.81811,1.63964
0.28500,0.36510,5.00000,0.35696,2.87940,1.65836
0.29000,0.37995,5.00000,0.37168,2.94063,1.67599
0.29500,0.39510,5.00000,0.38669,3.00179,1.69259
0.30000,0.41055,5.00000,0.40201,3.06289,1.70818
0.30500,0.42630,5.00000,0.41763,3.12392,1.72282
0.31000,0.44235,5.00000,0.43354,3.18489,1.73656
0.31500,0.45870,5.00000,0.44976,3.24581,1.74942
0.32000,0.47535,5.00000,0.46627,3.30667,1.76145
0.32500,0.49230,5.00000,0.48308,3.36747,1.77270
0.33000,0.50955,5.00000,0.50019,3.42822,1.78320
0.33500,0.52710,5.00000,0.51760,3.48892,1.79299
0.34000,0.54495,5.00000,0.53531,3.54957,1.80212
0.34500,0.56310,5.00000,0.55332,3.61017,1.81060
0.35000,0.58155,5.00000,0.57162,3.67073,1.81849
0.35500,0.60030,5.00000,0.59023,3.73125,1.82580
0.36000,0.61935,5.00000,0.60914,3.79173,1.83258
0.36500,0.63870,5.00000,0.62834,3.85217,1.83886
0.37000,0.65835,5.00000,0.64784,3.91257,1.84466
0.37500,0.67830,5.00000,0.66765,3.97294,1.85001
0.38000,0.69855,5.00000,0.68775,4.03328,1.85494
0.38500,0.71910,5.00000,0.70815,4.09358,1.85947
0.39000,0.73995,5.00000,0.72885,4.15386,1.86363
0.39500,0.76110,5.00000,0.74986,4.21411,1.86744
0.40000,0.78255,5.00000,0.77116,4.27433,1.87093
0.40500,0.80430,5.00000,0.79276,4.33453,1.87410
0.41000,0.82635,5.00000,0.81466,4.39471,1.87699
0.41500,0.84870,5.00000,0.83685,4.45486,1.87961
0.42000,0.87135,5.00000,0.85935,4.51499,1.88198
0.42500,0.89430,5.00000,0.88215,4.57511,1.88411
0.43000,0.91755,5.00000,0.90525,4.63521,1.88602
0.43500,0.94110,5.00000,0.92865,4.69529,1.88773
0.44000,0.96495,5.00000,0.95234,4.75535,1.88925
0.44500,0.98910,5.00000,0.97634,4.81540,1.89058
0.45000,1.01355,5.00000,1.00064,4.87543,1.89175
0.45500,1.03830,5.00000,1.02523,4.93546,1.89276
0.46000,1.06335,5.00000,1.05013,4.99547,1.89363
0.46500,1.08870,5.00000,1.07533,5.05547,1.89436
0.47000,1.11435,5.00000,1.10082,5.11546,1.89497
0.47500,1.14030,5.00000,1.12662,5.17544,1.89546
0.48000,1.16655,5.00000,1.15271,5.23540,1.89584
0.48500,1.19310,5.00000,1.17911,5.29537,1.89611
0.49000,1.21995,5.00000,1.20580,5.35532,1.89630
0.49500,1.24710,5.00000,1.23280,5.41526,1.89639
0.50000,1.27455,5.00000,1.26009,5.47520,1.89641
0.50500,1.30230,5.00000,1.28768,5.53514,1.89635
0.51000,1.33035,5.00000,1.31558,5.59506,1.89622
0.51500,1.35870,5.00000,1.34377,5.65498,1.89602
0.52000,1.38735,5.00000,1.37227,5.71490,1.89577
0.52500,1.41630,5.00000,1.40106,5.77481,1.89545
0.53000,1.44555,5.00000,1.43015,5.83471,1.89509
0.53500,1.47510,5.00000,1.45955,5.89462,1.89468
0.54000,1.50495,5.00000,1.48924,5.95451,1.89422
0.54500,1.53510,5.00000,1.51923,6.01441,1.89372
0.55000,1.56555,5.00000,1.54953,6.07430,1.89318
0.55500,1.59630,5.00000,1.58012,6.13419,1.89261
0.56000,1.62735,5.00000,1.61101,6.19407,1.89201
0.56500,1.65870,5.00000,1.64221,6.25396,1.89137
0.57000,1.69035,5.00000,1.67370,6.31384,1.89071
0.57500,1.72230,5.00000,1.70549,6.37371,1.89002
0.58000,1.75455,5.00000,1.73759,6.43359,1.88931
0.58500,1.78710,5.00000,1.76998,6.49346,1.88857
0.59000,1.81995,5.00000,1.80267,6.55334,1.88781
0.59500,1.85310,5.00000,1.83567,6.61321,1.88704
0.60000,1.88655,5.00000,1.86896,6.67307,1.88625
0.60500,1.92030,5.00000,1.90255,6.73294,1.88544
0.61000,1.95435,5.00000,1.93645,6.79281,1.88461
0.61500,1.98870,5.00000,1.97064,6.85267,1.88378
0.62000,2.02335,5.00000,2.00513,6.91254,1.88293
0.62500,2.05830,5.00000,2.03992,6.97240,1.88206
0.63000,2.09355,5.00000,2.07502,7.03226,1.88119
0.63500,2.12910,5.00000,2.11041,7.09212,1.88031
0.64000,2.16495,5.00000,2.14610,7.15198,1.87942
0.64500,2.20110,5.00000,2.18209,7.21184,1.87852
0.65000,2.23755,5.00000,2.21839,7.27170,1.87761
0.65500,2.27430,5.00000,2.25498,7.33156,1.87669
0.66000,2.31135,5.00000,2.29187,7.39141,1.87577
0.66500,2.34870,5.00000,2.32907,7.45127,1.87484
0.67000,2.38635,5.00000,2.36656,7.51113,1.87391
0.67500,2.42430,5.00000,2.40435,7.57098,1.87297
0.68000,2.46255,5.00000,2.44244,7.63084,1.87202
0.68500,2.50110,5.00000,2.48084,7.69069,1.87108
0.69000,2.53995,5.00000,2.51953,7.75055,1.87012
0.69500,2.57910,5.00000,2.55852,7.81040,1.86917
0.70000,2.61855,5.00000,2.59781,7.87025,1.86821
0.70500,2.65830,5.00000,2.63741,7.93011,1.86724
0.71000,2.69835,5.00000,2.67730,7.98996,1.86628
0.71500,2.73870,5.00000,2.71749,8.04981,1.86531
0.72000,2.77935,5.00000,2.75798,8.10967,1.86434
0.72500,2.82030,5.00000,2.79878,8.16952,1.86337
0.73000,2.86155,5.00000,2.83987,8.22937,1.86239
0.73500,2.90310,5.00000,2.88126,8.28922,1.86141
0.74000,2.94495,5.00000,2.92295,8.34907,1.86043
0.74500,2.98710,5.00000,2.96495,8.40893,1.85945
0.75000,3.02955,5.00000,3.00724,8.46878,1.85847
0.75500,3.07230,5.00000,3.04983,8.52863,1.85749
0.76000,3.11535,5.00000,3.09272,8.58848,1.85650
0.76500,3.15870,5.00000,3.13592,8.64833,1.85552
0.77000,3.20235,5.00000,3.17941,8.70818,1.85453
0.77500,3.24630,5.00000,3.22320,8.76803,1.85354
0.78000,3.29055,5.00000,3.26729,8.82789,1.85255
0.78500,3.33510,5.00000,3.31169,8.88774,1.85156
0.79000,3.37995,5.00000,3.35638,8.94759,1.85057
0.79500,3.42510,5.00000,3.40137,9.00744,1.84958
0.80000,3.47055,5.00000,3.44666,9.06729,1.84859
0.80500,3.51630,5.00000,3.49226,9.12714,1.84760
0.81000,3.56235,5.00000,3.53815,9.18699,1.84660
0.81500,3.60870,5.00000,3.58434,9.24684,1.84561
0.82000,3.65535,5.00000,3.63083,9.30669,1.84462
0.82500,3.70230,5.00000,3.67763,9.36654,1.84362
0.83000,3.74955,5.00000,3.72472,9.42639,1.84263
0.83500,3.79710,5.00000,3.77211,9.48624,1.84163
0.84000,3.84495,5.00000,3.81980,9.54609,1.84064
0.84500,3.89310,5.00000,3.86780,9.60594,1.83964
0.85000,3.94155,5.00000,3.91609,9.66579,1.83864
0.85500,3.99030,5.00000,3.96468,9.72564,1.83765
0.86000,4.03935,5.00000,4.01357,9.78549,1.83665
0.86500,4.08870,5.00000,4.06277,9.84535,1.83565
0.87000,4.13835,5.00000,4.11226,9.90520,1.83466
0.87500,4.18830,5.00000,4.16205,9.96505,1.83366
0.88000,4.23855,5.00000,4.21214,10.02490,1.83266
0.88500,4.28910,5.00000,4.26254,10.08475,1.83167
0.89000,4.33993,4.75000,4.31322,10.14211,1.83075
0.89500,4.39104,4.50000,4.36419,10.19697,1.82981
0.90000,4.44240,4.25000,4.41543,10.24930,1.82869
0.90500,4.49400,4.00000,4.46692,10.29907,1.82721
0.91000,4.54582,3.75000,4.51864,10.34626,1.82514
0.91500,4.59786,3.50000,4.57059,10.39080,1.82224
0.92000,4.65009,3.25000,4.62275,10.43268,1.81829
0.92500,4.70250,3.00000,4.67511,10.47185,1.81306
0.93000,4.75507,2.75000,4.72764,10.50826,1.80632
0.93500,4.80780,2.50000,4.78033,10.54188,1.79788
0.94000,4.86066,2.25000,4.83317,10.57268,1.78756
0.94500,4.91364,2.00000,4.88614,10.60061,1.77518
0.95000,4.96672,1.75000,4.93923,10.62565,1.76060
0.95500,5.01990,1.50000,4.99242,10.64776,1.74370
0.96000,5.07315,1.25000,5.04570,10.66692,1.72438
0.96500,5.12646,1.00000,5.09904,10.68310,1.70255
0.97000,5.17981,0.75000,5.15244,10.69628,1.67814
0.97500,5.23320,0.50000,5.20588,10.70644,1.65112
0.98000,5.28660,0.25000,5.25934,10.71356,1.62145
0.98500,5.34000,0.00000,5.31281,10.71762,1.58912
0.99000,5.39338,-0.25000,5.36627,10.71862,1.55412
0.99500,5.44674,-0.50000,5.41971,10.71654,1.51648
1.00000,5.50005,-0.75000,5.47311,10.71137,1.47622
1.00500,5.55330,-1.00000,5.52646,10.70311,1.43337
1.01000,5.60647,-1.25000,5.57974,10.69174,1.38797
1.01500,5.65956,-1.50000,5.63294,10.67726,1.34008
1.02000,5.71254,-1.75000,5.68603,10.65967,1.28976
1.02500,5.76540,-2.00000,5.73902,10.63897,1.23707
1.03000,5.81812,-2.25000,5.79187,10.61515,1.18208
1.03500,5.87070,-2.50000,5.84458,10.58821,1.12486
1.04000,5.92311,-2.75000,5.89713,10.55816,1.06549
1.04500,5.97534,-3.00000,5.94951,10.52498,1.00404
1.05000,6.02737,-3.25000,6.00170,10.48870,0.94059
1.05500,6.07920,-3.50000,6.05369,10.44930,0.87522
1.06000,6.13080,-3.75000,6.10545,10.40679,0.80802
1.06500,6.18216,-4.00000,6.15698,10.36117,0.73905
1.07000,6.23326,-4.25000,6.20827,10.31244,0.66840
1.07500,6.28410,-4.50000,6.25928,10.26062,0.59615
1.08000,6.33465,-4.75000,6.31002,10.20569,0.52238
1.08500,6.38490,-5.00000,6.36047,10.14767,0.44715
1.09000,6.43485,-5.00000,6.41061,10.08905,0.37047
1.09500,6.48450,-5.00000,6.46045,10.02984,0.29250
1.10000,6.53385,-5.00000,6.50998,9.97007,0.21346
1.10500,6.58290,-5.00000,6.55920,9.90978,0.13363
1.11000,6.63165,-5.00000,6.60812,9.84901,0.05328
1.11500,6.68010,-5.00000,6.65673,9.78780,-0.02729
1.12000,6.72825,-5.00000,6.70503,9.72619,-0.10779
1.12500,6.77610,-5.00000,6.75303,9.66423,-0.18793
1.13000,6.82365,-5.00000,6.80071,9.60196,-0.26744
1.13500,6.87090,-5.00000,6.84810,9.53942,-0.34606
1.14000,6.91785,-5.00000,6.89517,9.47666,-0.42357
1.14500,6.96450,-5.00000,6.94195,9.41370,-0.49973
1.15000,7.01085,-5.00000,6.98841,9.35060,-0.57437
1.15500,7.05690,-5.00000,7.03458,9.28737,-0.64732
1.16000,7.10265,-5.00000,7.08044,9.22405,-0.71843
1.16500,7.14810,-5.00000,7.12599,9.16067,-0.78758
1.17000,7.19325,-5.00000,7.17125,9.09726,-0.85467
1.17500,7.23810,-5.00000,7.21620,9.03383,-0.91961
1.18000,7.28265,-5.00000,7.26085,8.97041,-0.98235
1.18500,7.32690,-5.00000,7.30520,8.90701,-1.04283
1.19000,7.37085,-5.00000,7.34925,8.84365,-1.10104
1.19500,7.41450,-5.00000,7.39300,8.78035,-1.15695
1.20000,7.45785,-5.00000,7.43645,8.71711,-1.21057
1.20500,7.50090,-5.00000,7.47960,8.65395,-1.26190
1.21000,7.54365,-5.00000,7.52246,8.59087,-1.31096
1.21500,7.58610,-5.00000,7.56501,8.52788,-1.35779
1.22000,7.62825,-5.00000,7.60726,8.46499,-1.40242
1.22500,7.67010,-5.00000,7.64921,8.40220,-1.44490
1.23000,7.71165,-5.00000,7.69087,8.33951,-1.48527
1.23500,7.75290,-5.00000,7.73223,8.27693,-1.52360
1.24000,7.79385,-5.00000,7.77329,8.21445,-1.55994
1.24500,7.83450,-5.00000,7.81405,8.15208,-1.59435
1.25000,7.87485,-5.00000,7.85451,8.08982,-1.62690
1.25500,7.91490,-5.00000,7.89467,8.02767,-1.65765
1.26000,7.95465,-5.00000,7.93454,7.96561,-1.68668
1.26500,7.99410,-5.00000,7.97410,7.90367,-1.71405
1.27000,8.03325,-5.00000,8.01337,7.84182,-1.73982
1.27500,8.07210,-5.00000,8.05234,7.78007,-1.76407
1.28000,8.11065,-5.00000,8.09101,7.71842,-1.78686
1.28500,8.14890,-5.00000,8.12939,7.65686,-1.80827
1.29000,8.18685,-5.00000,8.16746,7.59539,-1.82834
1.29500,8.22450,-5.00000,8.20524,7.53401,-1.84716
1.30000,8.26185,-5.00000,8.24272,7.47271,-1.86478
1.30500,8.29890,-5.00000,8.27990,7.41149,-1.88126
1.31000,8.33565,-5.00000,8.31678,7.35035,-1.89666
1.31500,8.37210,-5.00000,8.35336,7.28928,-1.91104
1.32000,8.40825,-5.00000,8.38965,7.22829,-1.92446
1.32500,8.44410,-5.00000,8.42563,7.16736,-1.93695
1.33000,8.47965,-5.00000,8.46132,7.10649,-1.94859
1.33500,8.51490,-5.00000,8.49670,7.04569,-1.95941
1.34000,8.54985,-5.00000,8.53179,6.98494,-1.96946
1.34500,8.58450,-5.00000,8.56658,6.92425,-1.97879
1.35000,8.61885,-5.00000,8.60107,6.86361,-1.98743
1.35500,8.65290,-5.00000,8.63527,6.80302,-1.99544
1.36000,8.68665,-5.00000,8.66916,6.74248,-2.00284
1.36500,8.72010,-5.00000,8.70275,6.68198,-2.00968
1.37000,8.75325,-5.00000,8.73605,6.62153,-2.01599
1.37500,8.78610,-5.00000,8.76904,6.56111,-2.02180
1.38000,8.81865,-5.00000,8.80174,6.50073,-2.02715
1.38500,8.85090,-5.00000,8.83414,6.44039,-2.03205
1.39000,8.88285,-5.00000,8.86623,6.38008,-2.03655
1.39500,8.91450,-5.00000,8.89803,6.31979,-2.04067
1.40000,8.94585,-5.00000,8.92953,6.25954,-2.04442
1.40500,8.97690,-5.00000,8.96073,6.19932,-2.04785
1.41000,9.00765,-5.00000,8.99163,6.13912,-2.05096
1.41500,9.03810,-5.00000,9.02223,6.07894,-2.05378
1.42000,9.06825,-5.00000,9.05253,6.01879,-2.05632
1.42500,9.09810,-5.00000,9.08253,5.95866,-2.05862
1.43000,9.12765,-5.00000,9.11224,5.89855,-2.06067
1.43500,9.15690,-5.00000,9.14164,5.83845,-2.06251
1.44000,9.18585,-5.00000,9.17074,5.77838,-2.06414
1.44500,9.21450,-5.00000,9.19954,5.71832,-2.06558
1.45000,9.24285,-5.00000,9.22805,5.65827,-2.06684
1.45500,9.27090,-5.00000,9.25625,5.59824,-2.06794
1.46000,9.29865,-5.00000,9.28415,5.53822,-2.06888
1.46500,9.32610,-5.00000,9.31176,5.47821,-2.06968
1.47000,9.35325,-5.00000,9.33906,5.41822,-2.07034
1.47500,9.38010,-5.00000,9.36607,5.35823,-2.07088
1.48000,9.40665,-5.00000,9.39277,5.29826,-2.07131
1.48500,9.43290,-5.00000,9.41918,5.23829,-2.07163
1.49000,9.45885,-5.00000,9.44528,5.17834,-2.07185
1.49500,9.48450,-5.00000,9.47109,5.11839,-2.07198
1.50000,9.50985,-5.00000,9.49659,5.05844,-2.07203
1.50500,9.53490,-5.00000,9.52180,4.99851,-2.07199
1.51000,9.55965,-5.00000,9.54670,4.93858,-2.07188
1.51500,9.58410,-5.00000,9.57131,4.87866,-2.07171
1.52000,9.60825,-5.00000,9.59561,4.81874,-2.07147
1.52500,9.63210,-5.00000,9.61962,4.75883,-2.07117
1.53000,9.65565,-5.00000,9.64333,4.69892,-2.07082
1.53500,9.67890,-5.00000,9.66673,4.63902,-2.07042
1.54000,9.70185,-5.00000,9.68984,4.57912,-2.06998
1.54500,9.72450,-5.00000,9.71265,4.51922,-2.06949
1.55000,9.74685,-5.00000,9.73515,4.45933,-2.06896
1.55500,9.76890,-5.00000,9.75736,4.39944,-2.06840
1.56000,9.79065,-5.00000,9.77927,4.33955,-2.06780
1.56500,9.81210,-5.00000,9.80087,4.27967,-2.06717
1.57000,9.83325,-5.00000,9.82218,4.21979,-2.06651
1.57500,9.85410,-5.00000,9.84319,4.15991,-2.06582
1.58000,9.87465,-5.00000,9.86389,4.10003,-2.06512
1.58500,9.89490,-5.00000,9.88430,4.04016,-2.06438
1.59000,9.91485,-5.00000,9.90441,3.98029,-2.06363
1.59500,9.93450,-5.00000,9.92421,3.92042,-2.06286
1.60000,9.95385,-5.00000,9.94372,3.86055,-2.06207
1.60500,9.97290,-5.00000,9.96293,3.80068,-2.06126
1.61000,9.99165,-5.00000,9.98184,3.74082,-2.06044
1.61500,10.01010,-5.00000,10.00044,3.68095,-2.05960
1.62000,10.02825,-5.00000,10.01875,3.62109,-2.05875
1.62500,10.04610,-5.00000,10.03676,3.56122,-2.05789
1.63000,10.06365,-5.00000,10.05446,3.50136,-2.05702
1.63500,10.08090,-5.00000,10.07187,3.44150,-2.05614
1.64000,10.09785,-5.00000,10.08898,3.38164,-2.05524
1.64500,10.11450,-5.00000,10.10579,3.32178,-2.05434
1.65000,10.13085,-5.00000,10.12229,3.26192,-2.05344
1.65500,10.14690,-5.00000,10.13850,3.20207,-2.05252
1.66000,10.16265,-5.00000,10.15441,3.14221,-2.05160
1.66500,10.17810,-5.00000,10.17002,3.08235,-2.05067
1.67000,10.19325,-5.00000,10.18532,3.02250,-2.04974
1.67500,10.20810,-5.00000,10.20033,2.96264,-2.04880
1.68000,10.22265,-5.00000,10.21504,2.90279,-2.04785
1.68500,10.23690,-5.00000,10.22945,2.84293,-2.04690
1.69000,10.25085,-5.00000,10.24355,2.78308,-2.04595
1.69500,10.26450,-5.00000,10.25736,2.72322,-2.04500
1.70000,10.27785,-5.00000,10.27087,2.66337,-2.04404
1.70500,10.29090,-5.00000,10.28407,2.60352,-2.04307
1.71000,10.30365,-5.00000,10.29698,2.54366,-2.04211
1.71500,10.31610,-5.00000,10.30959,2.48381,-2.04114
1.72000,10.32825,-5.00000,10.32190,2.42396,-2.04017
1.72500,10.34010,-5.00000,10.33390,2.36410,-2.03919
1.73000,10.35165,-5.00000,10.34561,2.30425,-2.03822
1.73500,10.36290,-5.00000,10.35702,2.24440,-2.03724
1.74000,10.37385,-5.00000,10.36813,2.18455,-2.03626
1.74500,10.38450,-5.00000,10.37893,2.12470,-2.03528
1.75000,10.39485,-5.00000,10.38944,2.06484,-2.03430
1.75500,10.40490,-5.00000,10.39965,2.00499,-2.03331
1.76000,10.41465,-5.00000,10.40956,1.94514,-2.03233
1.76500,10.42410,-5.00000,10.41916,1.88529,-2.03134
1.77000,10.43325,-5.00000,10.42847,1.82544,-2.03036
1.77500,10.44210,-5.00000,10.43748,1.76559,-2.02937
1.78000,10.45065,-5.00000,10.44619,1.70574,-2.02838
1.78500,10.45890,-5.00000,10.45459,1.64589,-2.02739
1.79000,10.46685,-5.00000,10.46270,1.58603,-2.02640
1.79500,10.47450,-5.00000,10.47051,1.52618,-2.02541
1.80000,10.48185,-5.00000,10.47802,1.46633,-2.02441
1.80500,10.48890,-5.00000,10.48522,1.40648,-2.02342
1.81000,10.49565,-5.00000,10.49213,1.34663,-2.02243
1.81500,10.50210,-5.00000,10.49874,1.28678,-2.02143
1.82000,10.50825,-5.00000,10.50505,1.22693,-2.02044
1.82500,10.51410,-5.00000,10.51105,1.16708,-2.01945
1.83000,10.51965,-5.00000,10.51676,1.10723,-2.01845
1.83500,10.52490,-5.00000,10.52217,1.04738,-2.01746
1.84000,10.52985,-5.00000,10.52728,0.98753,-2.01646
1.84500,10.53450,-5.00000,10.53208,0.92768,-2.01546
1.85000,10.53885,-5.00000,10.53659,0.86783,-2.01447
1.85500,10.54290,-5.00000,10.54080,0.80798,-2.01347
1.86000,10.54665,-5.00000,10.54471,0.74813,-2.01248
1.86500,10.55010,-5.00000,10.54831,0.68828,-2.01148
1.87000,10.55325,-5.00000,10.55162,0.62843,-2.01048
1.87500,10.55610,-5.00000,10.55463,0.56858,-2.00949
1.88000,10.55865,-5.00000,10.55734,0.50873,-2.00849
1.88500,10.56090,-5.00000,10.55974,0.44888,-2.00749
1.89000,10.56285,-5.00000,10.56185,0.38903,-2.00649
1.89500,10.56450,-5.00000,10.56366,0.32918,-2.00550
1.90000,10.56586,-4.82322,10.56517,0.27108,-2.00455
1.90500,10.56695,-4.60342,10.56640,0.21519,-2.00361
1.91000,10.56777,-4.39013,10.56735,0.16145,-2.00254
1.91500,10.56834,-4.18332,10.56804,0.10983,-2.00117
1.92000,10.56867,-3.98302,10.56848,0.06028,-1.99933
1.92500,10.56877,-3.78927,10.56868,0.01277,-1.99682
1.93000,10.56866,-3.60213,10.56866,-0.03272,-1.99344
1.93500,10.56834,-3.42166,10.56842,-0.07623,-1.98903
1.94000,10.56783,-3.24788,10.56797,-0.11781,-1.98341
1.94500,10.56713,-3.08084,10.56733,-0.15748,-1.97645
1.95000,10.56626,-2.92053,10.56651,-0.19529,-1.96800
1.95500,10.56522,-2.76694,10.56552,-0.23129,-1.95797
1.96000,10.56402,-2.62002,10.56436,-0.26552,-1.94628
1.96500,10.56268,-2.47970,10.56305,-0.29802,-1.93286
1.97000,10.56119,-2.34590,10.56159,-0.32885,-1.91769
1.97500,10.55957,-2.21849,10.56000,-0.35807,-1.90075
1.98000,10.55783,-2.09734,10.55828,-0.38572,-1.88204
1.98500,10.55597,-1.98229,10.55643,-0.41187,-1.86159
1.99000,10.55399,-1.87318,10.55447,-0.43656,-1.83943
1.99500,10.55191,-1.76981,10.55240,-0.45986,-1.81562
2.00000,10.54973,-1.67198,10.55023,-0.48182,-1.79023
2.00500,10.54745,-1.57948,10.54797,-0.50250,-1.76333
2.01000,10.54508,-1.49208,10.54561,-0.52196,-1.73501
2.01500,10.54263,-1.40957,10.54318,-0.54025,-1.70536
2.02000,10.54010,-1.33171,10.54066,-0.55743,-1.67450
2.02500,10.53749,-1.25828,10.53806,-0.57355,-1.64252
2.03000,10.53482,-1.18903,10.53540,-0.58867,-1.60953
2.03500,10.53207,-1.12373,10.53267,-0.60283,-1.57565
2.04000,10.52926,-1.06217,10.52987,-0.61609,-1.54098
2.04500,10.52639,-1.00411,10.52702,-0.62850,-1.50565
2.05000,10.52347,-0.94933,10.52411,-0.64009,-1.46974
2.05500,10.52049,-0.89763,10.52115,-0.65092,-1.43339
2.06000,10.51746,-0.84878,10.51813,-0.66103,-1.39669
2.06500,10.51438,-0.80261,10.51507,-0.67045,-1.35973
2.07000,10.51125,-0.75891,10.51197,-0.67924,-1.32263
2.07500,10.50808,-0.71750,10.50882,-0.68741,-1.28547
2.08000,10.50488,-0.67822,10.50564,-0.69501,-1.24835
2.08500,10.50163,-0.64090,10.50242,-0.70207,-1.21133
2.09000,10.49834,-0.60538,10.49916,-0.70862,-1.17451
2.09500,10.49503,-0.57152,10.49586,-0.71469,-1.13795
2.10000,10.49168,-0.53919,10.49254,-0.72030,-1.10173
2.10500,10.48830,-0.50826,10.48919,-0.72548,-1.06589
2.11000,10.48489,-0.47861,10.48580,-0.73026,-1.03051
2.11500,10.48145,-0.45015,10.48239,-0.73465,-0.99562
2.12000,10.47799,-0.42276,10.47896,-0.73867,-0.96127
2.12500,10.47451,-0.39636,10.47550,-0.74235,-0.92750
2.13000,10.47100,-0.37087,10.47202,-0.74570,-0.89435
2.13500,10.46747,-0.34620,10.46852,-0.74873,-0.86185
2.14000,10.46392,-0.32231,10.46500,-0.75147,-0.83001
2.14500,10.46036,-0.29911,10.46146,-0.75392,-0.79887
2.15000,10.45677,-0.27657,10.45791,-0.75610,-0.76844
2.15500,10.45318,-0.25462,10.45433,-0.75802,-0.73873
2.16000,10.44957,-0.23324,10.45075,-0.75968,-0.70975
2.16500,10.44594,-0.21238,10.44715,-0.76111,-0.68151
2.17000,10.44231,-0.19200,10.44354,-0.76230,-0.65400
2.17500,10.43866,-0.17209,10.43992,-0.76327,-0.62724
2.18000,10.43500,-0.15261,10.43628,-0.76403,-0.60121
2.18500,10.43134,-0.13356,10.43264,-0.76457,-0.57592
2.19000,10.42767,-0.11490,10.42899,-0.76491,-0.55135
2.19500,10.42400,-0.09662,10.42534,-0.76506,-0.52750
2.20000,10.42031,-0.07872,10.42168,-0.76502,-0.50435
2.20500,10.41663,-0.06119,10.41801,-0.76479,-0.48190
2.21000,10.41294,-0.04401,10.41434,-0.76438,-0.46012
2.21500,10.40926,-0.02718,10.41067,-0.76379,-0.43902
2.22000,10.40557,-0.01070,10.40700,-0.76304,-0.41857
2.22500,10.40188,0.00543,10.40333,-0.76211,-0.39875
2.23000,10.39819,0.02122,10.39965,-0.76103,-0.37955
2.23500,10.39450,0.03667,10.39598,-0.75979,-0.36096
2.24000,10.39082,0.05177,10.39231,-0.75839,-0.34296
2.24500,10.38714,0.06654,10.38864,-0.75684,-0.32552
2.25000,10.38347,0.08096,10.38498,-0.75514,-0.30864
2.25500,10.37980,0.09503,10.38132,-0.75330,-0.29229
2.26000,10.37614,0.10876,10.37767,-0.75132,-0.27646
2.26500,10.37249,0.12215,10.37403,-0.74921,-0.26113
2.27000,10.36884,0.13518,10.37039,-0.74696,-0.24629
2.27500,10.36520,0.14787,10.36676,-0.74458,-0.23191
2.28000,10.36158,0.16021,10.36314,-0.74208,-0.21799
2.28500,10.35796,0.17220,10.35953,-0.73945,-0.20451
2.29000,10.35435,0.18383,10.35592,-0.73670,-0.19144
2.29500,10.35076,0.19512,10.35233,-0.73384,-0.17879
2.30000,10.34718,0.20607,10.34876,-0.73086,-0.16653
2.30500,10.34361,0.21666,10.34519,-0.72777,-0.15465
2.31000,10.34005,0.22691,10.34164,-0.72458,-0.14314
2.31500,10.33651,0.23681,10.33810,-0.72129,-0.13198
2.32000,10.33299,0.24637,10.33457,-0.71789,-0.12117
2.32500,10.32948,0.25559,10.33106,-0.71440,-0.11069
2.33000,10.32598,0.26448,10.32756,-0.71082,-0.10052
2.33500,10.32250,0.27303,10.32408,-0.70715,-0.09067
2.34000,10.31904,0.28125,10.32062,-0.70339,-0.08111
2.34500,10.31560,0.28914,10.31717,-0.69955,-0.07185
2.35000,10.31217,0.29672,10.31374,-0.69562,-0.06287
2.35500,10.30876,0.30397,10.31033,-0.69163,-0.05415
2.36000,10.30537,0.31092,10.30694,-0.68756,-0.04571
2.36500,10.30200,0.31756,10.30357,-0.68342,-0.03751
2.37000,10.29865,0.32390,10.30021,-0.67921,-0.02957
2.37500,10.29532,0.32994,10.29687,-0.67494,-0.02187
2.38000,10.29201,0.33569,10.29356,-0.67061,-0.01440
2.38500,10.28872,0.34116,10.29026,-0.66622,-0.00716
2.39000,10.28545,0.34635,10.28699,-0.66178,-0.00014
2.39500,10.28220,0.35127,10.28373,-0.65728,0.00667
2.40000,10.27897,0.35593,10.28050,-0.65274,0.01326
2.40500,10.27576,0.36032,10.27729,-0.64815,0.01965
2.41000,10.27258,0.36447,10.27410,-0.64351,0.02584
2.41500,10.26942,0.36837,10.27093,-0.63884,0.03183
2.42000,10.26628,0.37202,10.26778,-0.63413,0.03763
2.42500,10.26316,0.37545,10.26466,-0.62938,0.04325
2.43000,10.26007,0.37865,10.26155,-0.62460,0.04869
2.43500,10.25699,0.38162,10.25847,-0.61979,0.05395
2.44000,10.25395,0.38439,10.25542,-0.61495,0.05903
2.44500,10.25092,0.38694,10.25238,-0.61009,0.06395
2.45000,10.24792,0.38929,10.24937,-0.60520,0.06870
2.45500,10.24494,0.39145,10.24639,-0.60029,0.07329
2.46000,10.24199,0.39342,10.24342,-0.59536,0.07772
2.46500,10.23905,0.39520,10.24048,-0.59042,0.08199
2.47000,10.23615,0.39681,10.23757,-0.58546,0.08611
2.47500,10.23326,0.39824,10.23468,-0.58049,0.09009
2.48000,10.23040,0.39951,10.23181,-0.57551,0.09392
2.48500,10.22757,0.40062,10.22896,-0.57052,0.09761
2.49000,10.22476,0.40157,10.22614,-0.56552,0.10116
2.49500,10.22197,0.40236,10.22335,-0.56052,0.10457
2.50000,10.21921,0.40302,10.22057,-0.55551,0.10785
2.50500,10.21647,0.40353,10.21783,-0.55050,0.11100
2.51000,10.21375,0.40390,10.21510,-0.54549,0.11402
2.51500,10.21106,0.40415,10.21240,-0.54048,0.11692
2.52000,10.20840,0.40426,10.20973,-0.53548,0.11970
2.52500,10.20576,0.40426,10.20707,-0.53047,0.12235
2.53000,10.20314,0.40413,10.20445,-0.52548,0.12489
2.53500,10.20055,0.40389,10.20184,-0.52049,0.12732
2.54000,10.19798,0.40354,10.19926,-0.51551,0.12964
2.54500,10.19543,0.40309,10.19671,-0.51053,0.13185
2.55000,10.19291,0.40253,10.19418,-0.50557,0.13395
2.55500,10.19041,0.40187,10.19167,-0.50062,0.13595
2.56000,10.18794,0.40112,10.18919,-0.49568,0.13784
2.56500,10.18549,0.40028,10.18673,-0.49075,0.13964
2.57000,10.18307,0.39935,10.18430,-0.48584,0.14135
2.57500,10.18067,0.39833,10.18188,-0.48095,0.14296
2.58000,10.17829,0.39723,10.17950,-0.47607,0.14448
2.58500,10.17594,0.39605,10.17713,-0.47121,0.14591
2.59000,10.17361,0.39480,10.17479,-0.46636,0.14725
2.59500,10.17130,0.39347,10.17248,-0.46154,0.14851
2.60000,10.16902,0.39207,10.17019,-0.45673,0.14968
2.60500,10.16676,0.39061,10.16792,-0.45195,0.15078
2.61000,10.16453,0.38908,10.16567,-0.44719,0.15180
2.61500,10.16231,0.38748,10.16345,-0.44245,0.15274
2.62000,10.16012,0.38583,10.16125,-0.43773,0.15361
2.62500,10.15796,0.38412,10.15907,-0.43303,0.15441
2.63000,10.15582,0.38235,10.15692,-0.42836,0.15514
2.63500,10.15369,0.38053,10.15479,-0.42372,0.15580
2.64000,10.15160,0.37866,10.15268,-0.41910,0.15639
2.64500,10.14952,0.37675,10.15060,-0.41450,0.15692
2.65000,10.14747,0.37478,10.14853,-0.40993,0.15739
2.65500,10.14544,0.37277,10.14649,-0.40539,0.15779
2.66000,10.14343,0.37072,10.14447,-0.40087,0.15814
2.66500,10.14145,0.36862,10.14248,-0.39638,0.15844
2.67000,10.13948,0.36649,10.14050,-0.39192,0.15867
2.67500,10.13754,0.36432,10.13855,-0.38749,0.15886
2.68000,10.13562,0.36212,10.13662,-0.38309,0.15899
2.68500,10.13372,0.35988,10.13471,-0.37871,0.15907
2.69000,10.13184,0.35761,10.13283,-0.37437,0.15911
2.69500,10.12999,0.35531,10.13096,-0.37005,0.15909
2.70000,10.12815,0.35298,10.12912,-0.36577,0.15904
2.70500,10.12634,0.35062,10.12729,-0.36151,0.15893
2.71000,10.12455,0.34824,10.12549,-0.35729,0.15879
2.71500,10.12278,0.34583,10.12371,-0.35309,0.15860
2.72000,10.12102,0.34340,10.12195,-0.34893,0.15838
2.72500,10.11929,0.34095,10.12021,-0.34480,0.15811
2.73000,10.11758,0.33848,10.11849,-0.34070,0.15781
2.73500,10.11589,0.33599,10.11679,-0.33663,0.15747
2.74000,10.11422,0.33348,10.11511,-0.33259,0.15710
2.74500,10.11257,0.33096,10.11345,-0.32858,0.15670
2.75000,10.11094,0.32842,10.11181,-0.32461,0.15626
2.75500,10.10933,0.32587,10.11018,-0.32067,0.15579
2.76000,10.10774,0.32330,10.10858,-0.31676,0.15529
2.76500,10.10617,0.32073,10.10700,-0.31288,0.15476
2.77000,10.10461,0.31814,10.10544,-0.30904,0.15421
2.77500,10.10308,0.31554,10.10389,-0.30523,0.15363
2.78000,10.10156,0.31293,10.10237,-0.30145,0.15302
2.78500,10.10006,0.31032,10.10086,-0.29770,0.15239
2.79000,10.09859,0.30770,10.09938,-0.29399,0.15173
2.79500,10.09712,0.30507,10.09791,-0.29030,0.15105
2.80000,10.09568,0.30244,10.09645,-0.28666,0.15035
2.80500,10.09426,0.29981,10.09502,-0.28304,0.14963
2.81000,10.09285,0.29717,10.09361,-0.27946,0.14889
2.81500,10.09146,0.29453,10.09221,-0.27591,0.14813
2.82000,10.09009,0.29189,10.09083,-0.27239,0.14735
2.82500,10.08874,0.28925,10.08947,-0.26890,0.14655
2.83000,10.08740,0.28661,10.08812,-0.26545,0.14574
2.83500,10.08608,0.28397,10.08679,-0.26203,0.14491
2.84000,10.08478,0.28133,10.08548,-0.25864,0.14406
2.84500,10.08349,0.27870,10.08419,-0.25529,0.14320
2.85000,10.08222,0.27606,10.08291,-0.25197,0.14233
2.85500,10.08097,0.27344,10.08165,-0.24868,0.14144
2.86000,10.07973,0.27081,10.08040,-0.24542,0.14054
2.86500,10.07851,0.26819,10.07917,-0.24219,0.13963
2.87000,10.07731,0.26558,10.07796,-0.23900,0.13871
2.87500,10.07612,0.26297,10.07676,-0.23584,0.13778
2.88000,10.07494,0.26037,10.07558,-0.23271,0.13683
2.88500,10.07379,0.25778,10.07442,-0.22961,0.13588
2.89000,10.07264,0.25519,10.07327,-0.22655,0.13492
2.89500,10.07152,0.25261,10.07213,-0.22351,0.13395
2.90000,10.07040,0.25004,10.07101,-0.22051,0.13297
2.90500,10.06931,0.24749,10.06990,-0.21754,0.13199
2.91000,10.06822,0.24494,10.06881,-0.21460,0.13100
2.91500,10.06715,0.24240,10.06774,-0.21169,0.13000
2.92000,10.06610,0.23987,10.06668,-0.20881,0.12899
2.92500,10.06506,0.23735,10.06563,-0.20597,0.12799
2.93000,10.06403,0.23484,10.06460,-0.20315,0.12697
2.93500,10.06302,0.23235,10.06358,-0.20036,0.12595
2.94000,10.06203,0.22986,10.06257,-0.19761,0.12493
2.94500,10.06104,0.22739,10.06158,-0.19488,0.12391
2.95000,10.06007,0.22493,10.06060,-0.19219,0.12288
2.95500,10.05911,0.22249,10.05964,-0.18952,0.12184
2.96000,10.05817,0.22006,10.05869,-0.18689,0.12081
2.96500,10.05724,0.21764,10.05775,-0.18428,0.11977
2.97000,10.05632,0.21523,10.05682,-0.18170,0.11874
2.97500,10.05541,0.21284,10.05591,-0.17915,0.11770
2.98000,10.05452,0.21046,10.05501,-0.17663,0.11666
2.98500,10.05364,0.20810,10.05413,-0.17414,0.11562
2.99000,10.05277,0.20576,10.05325,-0.17168,0.11457
2.99500,10.05192,0.20342,10.05239,-0.16925,0.11353
3.00000,10.05107,0.20111,10.05154,-0.16684,0.11249
3.00500,10.05024,0.19880,10.05070,-0.16446,0.11145
3.01000,10.04942,0.19652,10.04987,-0.16211,0.11041
3.01500,10.04861,0.19425,10.04906,-0.15979,0.10937
3.02000,10.04781,0.19199,10.04826,-0.15749,0.10834
3.02500,10.04703,0.18975,10.04747,-0.15523,0.10730
3.03000,10.04625,0.18753,10.04669,-0.15299,0.10627
3.03500,10.04549,0.18533,10.04592,-0.15077,0.10524
3.04000,10.04474,0.18314,10.04516,-0.14858,0.10421
3.04500,10.04400,0.18096,10.04441,-0.14642,0.10318
3.05000,10.04327,0.17880,10.04367,-0.14429,0.10216
3.05500,10.04255,0.17666,10.04295,-0.14218,0.10114
3.06000,10.04184,0.17454,10.04223,-0.14009,0.10012
3.06500,10.04114,0.17243,10.04153,-0.13803,0.09911
3.07000,10.04045,0.17035,10.04083,-0.13600,0.09809
3.07500,10.03977,0.16827,10.04015,-0.13399,0.09709
3.08000,10.03910,0.16622,10.03948,-0.13201,0.09608
3.08500,10.03844,0.16418,10.03881,-0.13005,0.09509
3.09000,10.03779,0.16216,10.03816,-0.12812,0.09409
3.09500,10.03715,0.16015,10.03751,-0.12620,0.09310
3.10000,10.03652,0.15817,10.03688,-0.12432,0.09211
3.10500,10.03590,0.15620,10.03625,-0.12246,0.09113
3.11000,10.03529,0.15424,10.03564,-0.12062,0.09016
3.11500,10.03469,0.15231,10.03503,-0.11880,0.08919
3.12000,10.03410,0.15039,10.03443,-0.11701,0.08822
3.12500,10.03351,0.14849,10.03384,-0.11524,0.08726
3.13000,10.03294,0.14661,10.03326,-0.11349,0.08630
3.13500,10.03237,0.14474,10.03269,-0.11177,0.08535
3.14000,10.03181,0.14289,10.03213,-0.11007,0.08441
3.14500,10.03126,0.14106,10.03157,-0.10839,0.08347
3.15000,10.03072,0.13925,10.03102,-0.10673,0.08253
3.15500,10.03018,0.13745,10.03049,-0.10509,0.08160
3.16000,10.02966,0.13567,10.02996,-0.10348,0.08068
3.16500,10.02914,0.13391,10.02944,-0.10188,0.07976
3.17000,10.02863,0.13216,10.02892,-0.10031,0.07885
3.17500,10.02813,0.13043,10.02842,-0.09876,0.07795
3.18000,10.02764,0.12872,10.02792,-0.09722,0.07705
3.18500,10.02715,0.12703,10.02743,-0.09571,0.07616
3.19000,10.02667,0.12535,10.02695,-0.09422,0.07527
3.19500,10.02620,0.12369,10.02647,-0.09275,0.07439
3.20000,10.02574,0.12205,10.02600,-0.09130,0.07352
3.20500,10.02528,0.12042,10.02554,-0.08987,0.07265
3.21000,10.02483,0.11881,10.02509,-0.08845,0.07179
3.21500,10.02439,0.11722,10.02464,-0.08706,0.07094
3.22000,10.02395,0.11564,10.02420,-0.08569,0.07009
3.22500,10.02353,0.11408,10.02377,-0.08433,0.06925
3.23000,10.02310,0.11254,10.02334,-0.08299,0.06842
3.23500,10.02269,0.11101,10.02293,-0.08167,0.06759
3.24000,10.02228,0.10950,10.02251,-0.08037,0.06677
3.24500,10.02188,0.10800,10.02211,-0.07909,0.06596
3.25000,10.02148,0.10652,10.02171,-0.07782,0.06515
3.25500,10.02109,0.10506,10.02132,-0.07658,0.06435
3.26000,10.02071,0.10361,10.02093,-0.07535,0.06356
3.26500,10.02033,0.10218,10.02055,-0.07413,0.06277
3.27000,10.01996,0.10077,10.02017,-0.07294,0.06199
3.27500,10.01959,0.09937,10.01980,-0.07176,0.06122
3.28000,10.01924,0.09798,10.01944,-0.07059,0.06045
3.28500,10.01888,0.09661,10.01909,-0.06945,0.05969
3.29000,10.01853,0.09526,10.01873,-0.06832,0.05894
3.29500,10.01819,0.09392,10.01839,-0.06720,0.05819
3.30000,10.01786,0.09260,10.01805,-0.06610,0.05745
3.30500,10.01752,0.09129,10.01772,-0.06502,0.05672
3.31000,10.01720,0.09000,10.01739,-0.06395,0.05600
3.31500,10.01688,0.08872,10.01706,-0.06290,0.05528
3.32000,10.01656,0.08746,10.01675,-0.06186,0.05456
3.32500,10.01625,0.08621,10.01643,-0.06084,0.05386
3.33000,10.01595,0.08498,10.01613,-0.05984,0.05316
3.33500,10.01565,0.08376,10.01582,-0.05884,0.05247
3.34000,10.01535,0.08255,10.01552,-0.05786,0.05178
3.34500,10.01506,0.08136,10.01523,-0.05690,0.05111
3.35000,10.01478,0.08019,10.01494,-0.05595,0.05043
3.35500,10.01450,0.07903,10.01466,-0.05501,0.04977
3.36000,10.01422,0.07788,10.01438,-0.05409,0.04911
3.36500,10.01395,0.07674,10.01411,-0.05318,0.04846
3.37000,10.01368,0.07562,10.01384,-0.05229,0.04782
3.37500,10.01342,0.07452,10.01358,-0.05140,0.04718
3.38000,10.01316,0.07342,10.01331,-0.05053,0.04655
3.38500,10.01291,0.07234,10.01306,-0.04968,0.04592
3.39000,10.01266,0.07128,10.01281,-0.04883,0.04530
3.39500,10.01242,0.07022,10.01256,-0.04800,0.04469
3.40000,10.01218,0.06918,10.01232,-0.04718,0.04408
3.40500,10.01194,0.06815,10.01208,-0.04638,0.04349
3.41000,10.01171,0.06714,10.01184,-0.04558,0.04289
3.41500,10.01148,0.06614,10.01161,-0.04480,0.04231
3.42000,10.01125,0.06515,10.01139,-0.04403,0.04173
3.42500,10.01103,0.06417,10.01116,-0.04327,0.04115
3.43000,10.01082,0.06320,10.01094,-0.04252,0.04059
3.43500,10.01060,0.06225,10.01073,-0.04179,0.04002
3.44000,10.01039,0.06131,10.01052,-0.04106,0.03947
3.44500,10.01019,0.06038,10.01031,-0.04035,0.03892
3.45000,10.00998,0.05947,10.01010,-0.03964,0.03838
3.45500,10.00978,0.05856,10.00990,-0.03895,0.03784
3.46000,10.00959,0.05767,10.00970,-0.03827,0.03731
3.46500,10.00940,0.05679,10.00951,-0.03760,0.03679
3.47000,10.00921,0.05592,10.00932,-0.03694,0.03627
3.47500,10.00902,0.05506,10.00913,-0.03629,0.03575
3.48000,10.00884,0.05421,10.00895,-0.03565,0.03525
3.48500,10.00866,0.05338,10.00877,-0.03502,0.03475
3.49000,10.00849,0.05255,10.00859,-0.03439,0.03425
3.49500,10.00831,0.05174,10.00841,-0.03378,0.03376
3.50000,10.00814,0.05093,10.00824,-0.03318,0.03328
3.50500,10.00798,0.05014,10.00808,-0.03259,0.03280
3.51000,10.00781,0.04936,10.00791,-0.03201,0.03233
3.51500,10.00765,0.04859,10.00775,-0.03143,0.03186
3.52000,10.00749,0.04783,10.00759,-0.03087,0.03140
3.52500,10.00734,0.04708,10.00743,-0.03031,0.03094
3.53000,10.00719,0.04634,10.00728,-0.02977,0.03049
3.53500,10.00704,0.04560,10.00713,-0.02923,0.03005
3.54000,10.00689,0.04488,10.00698,-0.02870,0.02961
3.54500,10.00675,0.04417,10.00683,-0.02818,0.02918
3.55000,10.00660,0.04347,10.00669,-0.02766,0.02875
3.55500,10.00646,0.04278,10.00655,-0.02716,0.02832
3.56000,10.00633,0.04210,10.00641,-0.02666,0.02791
3.56500,10.00619,0.04142,10.00627,-0.02617,0.02749
3.57000,10.00606,0.04076,10.00614,-0.02569,0.02709
3.57500,10.00593,0.04011,10.00601,-0.02522,0.02668
3.58000,10.00581,0.03946,10.00588,-0.02476,0.02629
3.58500,10.00568,0.03883,10.00576,-0.02430,0.02589
3.59000,10.00556,0.03820,10.00563,-0.02385,0.02550
3.59500,10.00544,0.03758,10.00551,-0.02341,0.02512
3.60000,10.00532,0.03697,10.00539,-0.02297,0.02474
3.60500,10.00521,0.03637,10.00528,-0.02254,0.02437
3.61000,10.00509,0.03578,10.00516,-0.02212,0.02400
3.61500,10.00498,0.03519,10.00505,-0.02170,0.02364
3.62000,10.00487,0.03462,10.00494,-0.02130,0.02328
3.62500,10.00476,0.03405,10.00483,-0.02090,0.02292
3.63000,10.00466,0.03349,10.00472,-0.02050,0.02257
3.63500,10.00456,0.03294,10.00462,-0.02011,0.02223
3.64000,10.00445,0.03239,10.00452,-0.01973,0.02189
3.64500,10.00436,0.03186,10.00442,-0.01936,0.02155
3.65000,10.00426,0.03133,10.00432,-0.01899,0.02122
3.65500,10.00416,0.03081,10.00422,-0.01863,0.02089
3.66000,10.00407,0.03030,10.00413,-0.01827,0.02057
3.66500,10.00398,0.02979,10.00403,-0.01792,0.02025
3.67000,10.00389,0.02929,10.00394,-0.01757,0.01994
3.67500,10.00380,0.02880,10.00385,-0.01724,0.01963
3.68000,10.00371,0.02832,10.00376,-0.01690,0.01932
3.68500,10.00363,0.02784,10.00368,-0.01657,0.01902
3.69000,10.00354,0.02737,10.00359,-0.01625,0.01872
3.69500,10.00346,0.02691,10.00351,-0.01594,0.01842
3.70000,10.00338,0.02646,10.00343,-0.01563,0.01813
3.70500,10.00330,0.02601,10.00335,-0.01532,0.01785
3.71000,10.00322,0.02556,10.00327,-0.01502,0.01757
3.71500,10.00315,0.02513,10.00319,-0.01472,0.01729
3.72000,10.00307,0.02470,10.00312,-0.01443,0.01701
3.72500,10.00300,0.02428,10.00305,-0.01415,0.01674
3.73000,10.00293,0.02386,10.00297,-0.01387,0.01647
3.73500,10.00286,0.02345,10.00290,-0.01359,0.01621
3.74000,10.00279,0.02305,10.00283,-0.01332,0.01595
3.74500,10.00272,0.02265,10.00276,-0.01306,0.01569
3.75000,10.00266,0.02226,10.00270,-0.01279,0.01544
3.75500,10.00259,0.02187,10.00263,-0.01254,0.01519
3.76000,10.00253,0.02149,10.00257,-0.01228,0.01495
3.76500,10.00247,0.02112,10.00251,-0.01204,0.01470
3.77000,10.00241,0.02075,10.00244,-0.01179,0.01447
3.77500,10.00235,0.02039,10.00238,-0.01155,0.01423
3.78000,10.00229,0.02003,10.00232,-0.01132,0.01400
3.78500,10.00223,0.01968,10.00227,-0.01109,0.01377
3.79000,10.00218,0.01933,10.00221,-0.01086,0.01354
3.79500,10.00212,0.01899,10.00215,-0.01064,0.01332
3.80000,10.00207,0.01865,10.00210,-0.01042,0.01310
3.80500,10.00201,0.01832,10.00205,-0.01020,0.01289
3.81000,10.00196,0.01800,10.00199,-0.00999,0.01267
3.81500,10.00191,0.01768,10.00194,-0.00979,0.01246
3.82000,10.00186,0.01736,10.00189,-0.00958,0.01226
3.82500,10.00181,0.01705,10.00184,-0.00938,0.01205
3.83000,10.00177,0.01675,10.00180,-0.00919,0.01185
3.83500,10.00172,0.01645,10.00175,-0.00899,0.01165
3.84000,10.00167,0.01615,10.00170,-0.00880,0.01146
3.84500,10.00163,0.01586,10.00166,-0.00862,0.01127
3.85000,10.00159,0.01557,10.00161,-0.00844,0.01108
3.85500,10.00154,0.01529,10.00157,-0.00826,0.01089
3.86000,10.00150,0.01502,10.00153,-0.00808,0.01071
3.86500,10.00146,0.01474,10.00149,-0.00791,0.01053
3.87000,10.00142,0.01447,10.00145,-0.00774,0.01035
3.87500,10.00138,0.01421,10.00141,-0.00757,0.01017
3.88000,10.00134,0.01395,10.00137,-0.00741,0.01000
3.88500,10.00131,0.01369,10.00133,-0.00725,0.00983
3.89000,10.00127,0.01344,10.00129,-0.00709,0.00966
3.89500,10.00123,0.01319,10.00126,-0.00694,0.00950
3.90000,10.00120,0.01295,10.00122,-0.00679,0.00933
3.90500,10.00116,0.01271,10.00119,-0.00664,0.00917
3.91000,10.00113,0.01247,10.00115,-0.00649,0.00901
3.91500,10.00110,0.01224,10.00112,-0.00635,0.00886
3.92000,10.00107,0.01201,10.00109,-0.00621,0.00870
3.92500,10.00103,0.01179,10.00105,-0.00607,0.00855
3.93000,10.00100,0.01157,10.00102,-0.00593,0.00840
3.93500,10.00097,0.01135,10.00099,-0.00580,0.00826
3.94000,10.00094,0.01114,10.00096,-0.00567,0.00811
3.94500,10.00091,0.01093,10.00093,-0.00554,0.00797
3.95000,10.00089,0.01072,10.00090,-0.00542,0.00783
3.95500,10.00086,0.01052,10.00088,-0.00530,0.00769
3.96000,10.00083,0.01032,10.00085,-0.00517,0.00756
3.96500,10.00081,0.01012,10.00082,-0.00506,0.00743
3.97000,10.00078,0.00993,10.00080,-0.00494,0.00729
3.97500,10.00076,0.00974,10.00077,-0.00483,0.00717
3.98000,10.00073,0.00955,10.00075,-0.00472,0.00704
3.98500,10.00071,0.00937,10.00072,-0.00461,0.00691
3.99000,10.00068,0.00919,10.00070,-0.00450,0.00679
3.99500,10.00066,0.00901,10.00068,-0.00439,0.00667
4.00000,10.00064,0.00884,10.00065,-0.00429,0.00655
4.00500,10.00062,0.00867,10.00063,-0.00419,0.00643
4.01000,10.00059,0.00850,10.00061,-0.00409,0.00632
4.01500,10.00057,0.00833,10.00059,-0.00399,0.00620
4.02000,10.00055,0.00817,10.00057,-0.00390,0.00609
4.02500,10.00053,0.00801,10.00055,-0.00380,0.00598
4.03000,10.00051,0.00785,10.00053,-0.00371,0.00587
4.03500,10.00050,0.00770,10.00051,-0.00362,0.00576
4.04000,10.00048,0.00755,10.00049,-0.00354,0.00566
4.04500,10.00046,0.00740,10.00047,-0.00345,0.00555
4.05000,10.00044,0.00725,10.00045,-0.00336,0.00545
4.05500,10.00042,0.00711,10.00044,-0.00328,0.00535
4.06000,10.00041,0.00696,10.00042,-0.00320,0.00525
4.06500,10.00039,0.00682,10.00040,-0.00312,0.00516
4.07000,10.00038,0.00669,10.00039,-0.00304,0.00506
4.07500,10.00036,0.00655,10.00037,-0.00297,0.00497
4.08000,10.00034,0.00642,10.00035,-0.00289,0.00488
4.08500,10.00033,0.00629,10.00034,-0.00282,0.00479
4.09000,10.00032,0.00616,10.00033,-0.00275,0.00470
4.09500,10.00030,0.00604,10.00031,-0.00268,0.00461
4.10000,10.00029,0.00592,10.00030,-0.00261,0.00452
4.10500,10.00027,0.00579,10.00028,-0.00254,0.00444
4.11000,10.00026,0.00568,10.00027,-0.00248,0.00435
4.11500,10.00025,0.00556,10.00026,-0.00241,0.00427
4.12000,10.00024,0.00545,10.00025,-0.00235,0.00419
4.12500,10.00022,0.00533,10.00023,-0.00229,0.00411
4.13000,10.00021,0.00522,10.00022,-0.00222,0.00403
4.13500,10.00020,0.00511,10.00021,-0.00217,0.00396
4.14000,10.00019,0.00501,10.00020,-0.00211,0.00388
4.14500,10.00018,0.00490,10.00019,-0.00205,0.00381
4.15000,10.00017,0.00480,10.00018,-0.00199,0.00373
4.15500,10.00016,0.00470,10.00017,-0.00194,0.00366
4.16000,10.00015,0.00460,10.00016,-0.00189,0.00359
4.16500,10.00014,0.00450,10.00015,-0.00183,0.00352
4.17000,10.00013,0.00441,10.00014,-0.00178,0.00345
4.17500,10.00012,0.00431,10.00013,-0.00173,0.00339
4.18000,10.00011,0.00422,10.00012,-0.00168,0.00332
4.18500,10.00010,0.00413,10.00011,-0.00164,0.00326
4.19000,10.00009,0.00404,10.00010,-0.00159,0.00319
4.19500,10.00009,0.00396,10.00009,-0.00154,0.00313
4.20000,10.00008,0.00387,10.00008,-0.00150,0.00307
4.20500,10.00007,0.00379,10.00008,-0.00145,0.00301
4.21000,10.00006,0.00370,10.00007,-0.00141,0.00295
4.21500,10.00006,0.00362,10.00006,-0.00137,0.00289
4.22000,10.00005,0.00354,10.00005,-0.00133,0.00283
4.22500,10.00004,0.00347,10.00005,-0.00129,0.00278
4.23000,10.00004,0.00339,10.00004,-0.00125,0.00272
4.23500,10.00003,0.00331,10.00003,-0.00121,0.00267
4.24000,10.00002,0.00324,10.00003,-0.00117,0.00261
4.24500,10.00002,0.00317,10.00002,-0.00114,0.00256
4.25000,10.00001,0.00310,10.00002,-0.00110,0.00251
4.25500,10.00001,0.00303,10.00001,-0.00107,0.00246
4.26000,10.00000,0.00296,10.00000,-0.00103,0.00241
4.26500,9.99999,0.00289,10.00000,-0.00100,0.00236
4.27000,9.99999,0.00283,9.99999,-0.00097,0.00231
4.27500,9.99998,0.00276,9.99999,-0.00093,0.00226
4.28000,9.99998,0.00270,9.99998,-0.00090,0.00222
4.28500,9.99997,0.00264,9.99998,-0.00087,0.00217
4.29000,9.99997,0.00258,9.99997,-0.00084,0.00213
4.29500,9.99997,0.00252,9.99997,-0.00081,0.00208
4.30000,9.99996,0.00246,9.99996,-0.00079,0.00204
4.30500,9.99996,0.00240,9.99996,-0.00076,0.00200
4.31000,9.99995,0.00235,9.99996,-0.00073,0.00196
4.31500,9.99995,0.00229,9.99995,-0.00070,0.00191
4.32000,9.99995,0.00224,9.99995,-0.00068,0.00187
4.32500,9.99994,0.00219,9.99995,-0.00065,0.00183
4.33000,9.99994,0.00213,9.99994,-0.00063,0.00180
4.33500,9.99994,0.00208,9.99994,-0.00060,0.00176
4.34000,9.99993,0.00203,9.99994,-0.00058,0.00172
4.34500,9.99993,0.00198,9.99993,-0.00056,0.00168
4.35000,9.99993,0.00194,9.99993,-0.00054,0.00165
4.35500,9.99992,0.00189,9.99993,-0.00051,0.00161
4.36000,9.99992,0.00184,9.99992,-0.00049,0.00158
4.36500,9.99992,0.00180,9.99992,-0.00047,0.00154
4.37000,9.99992,0.00175,9.99992,-0.00045,0.00151
4.37500,9.99991,0.00171,9.99992,-0.00043,0.00148
4.38000,9.99991,0.00167,9.99991,-0.00041,0.00145
4.38500,9.99991,0.00163,9.99991,-0.00040,0.00141
4.39000,9.99991,0.00159,9.99991,-0.00038,0.00138
4.39500,9.99990,0.00155,9.99991,-0.00036,0.00135
4.40000,9.99990,0.00151,9.99990,-0.00034,0.00132
4.40500,9.99990,0.00147,9.99990,-0.00033,0.00129
4.41000,9.99990,0.00143,9.99990,-0.00031,0.00126
4.41500,9.99990,0.00140,9.99990,-0.00029,0.00124
4.42000,9.99990,0.00136,9.99990,-0.00028,0.00121
4.42500,9.99989,0.00132,9.99990,-0.00026,0.00118
4.43000,9.99989,0.00129,9.99989,-0.00025,0.00116
4.43500,9.99989,0.00126,9.99989,-0.00023,0.00113
4.44000,9.99989,0.00122,9.99989,-0.00022,0.00110
4.44500,9.99989,0.00119,9.99989,-0.00021,0.00108
4.45000,9.99989,0.00116,9.99989,-0.00019,0.00105
4.45500,9.99989,0.00113,9.99989,-0.00018,0.00103
4.46000,9.99989,0.00110,9.99989,-0.00017,0.00101
4.46500,9.99989,0.00107,9.99989,-0.00016,0.00098
4.47000,9.99988,0.00104,9.99989,-0.00014,0.00096
4.47500,9.99988,0.00101,9.99988,-0.00013,0.00094
4.48000,9.99988,0.00098,9.99988,-0.00012,0.00092
4.48500,9.99988,0.00096,9.99988,-0.00011,0.00089
4.49000,9.99988,0.00093,9.99988,-0.00010,0.00087
4.49500,9.99988,0.00090,9.99988,-0.00009,0.00085
4.50000,9.99988,0.00088,9.99988,-0.00008,0.00083
4.50500,9.99988,0.00085,9.99988,-0.00007,0.00081
4.51000,9.99988,0.00083,9.99988,-0.00006,0.00079
4.51500,9.99988,0.00080,9.99988,-0.00005,0.00077
4.52000,9.99988,0.00078,9.99988,-0.00004,0.00076
4.52500,9.99988,0.00076,9.99988,-0.00003,0.00074
4.53000,9.99988,0.00073,9.99988,-0.00003,0.00072
4.53500,9.99988,0.00071,9.99988,-0.00002,0.00070
4.54000,9.99988,0.00069,9.99988,-0.00001,0.00068
4.54500,9.99988,0.00067,9.99988,-0.00000,0.00067
4.55000,9.99988,0.00065,9.99988,0.00001,0.00065
4.55500,9.99988,0.00063,9.99988,0.00001,0.00063
4.56000,9.99988,0.00061,9.99988,0.00002,0.00062
4.56500,9.99988,0.00059,9.99988,0.00003,0.00060
4.57000,9.99988,0.00057,9.99988,0.00003,0.00059
4.57500,9.99988,0.00055,9.99988,0.00004,0.00057
4.58000,9.99988,0.00054,9.99988,0.00004,0.00056
4.58500,9.99988,0.00052,9.99988,0.00005,0.00054
4.59000,9.99988,0.00050,9.99988,0.00006,0.00053
4.59500,9.99988,0.00049,9.99988,0.00006,0.00052
4.60000,9.99988,0.00047,9.99988,0.00007,0.00050
4.60500,9.99988,0.00045,9.99988,0.00007,0.00049
4.61000,9.99988,0.00044,9.99988,0.00008,0.00048
4.61500,9.99988,0.00042,9.99988,0.00008,0.00046
4.62000,9.99988,0.00041,9.99988,0.00009,0.00045
4.62500,9.99988,0.00039,9.99988,0.00009,0.00044
4.63000,9.99988,0.00038,9.99988,0.00009,0.00043
4.63500,9.99988,0.00037,9.99988,0.00010,0.00042
4.64000,9.99988,0.00035,9.99988,0.00010,0.00040
4.64500,9.99988,0.00034,9.99988,0.00011,0.00039
4.65000,9.99988,0.00033,9.99988,0.00011,0.00038
4.65500,9.99988,0.00031,9.99988,0.00011,0.00037
4.66000,9.99988,0.00030,9.99988,0.00012,0.00036
4.66500,9.99988,0.00029,9.99988,0.00012,0.00035
4.67000,9.99988,0.00028,9.99988,0.00012,0.00034
4.67500,9.99988,0.00027,9.99988,0.00012,0.00033
4.68000,9.99989,0.00026,9.99989,0.00013,0.00032
4.68500,9.99989,0.00024,9.99989,0.00013,0.00031
4.69000,9.99989,0.00023,9.99989,0.00013,0.00030
4.69500,9.99989,0.00022,9.99989,0.00014,0.00029
4.70000,9.99989,0.00021,9.99989,0.00014,0.00029
4.70500,9.99989,0.00020,9.99989,0.00014,0.00028
4.71000,9.99989,0.00019,9.99989,0.00014,0.00027
4.71500,9.99989,0.00019,9.99989,0.00014,0.00026
4.72000,9.99989,0.00018,9.99989,0.00015,0.00025
4.72500,9.99989,0.00017,9.99989,0.00015,0.00024
4.73000,9.99989,0.00016,9.99989,0.00015,0.00024
4.73500,9.99989,0.00015,9.99989,0.00015,0.00023
4.74000,9.99989,0.00014,9.99989,0.00015,0.00022
4.74500,9.99989,0.00013,9.99989,0.00015,0.00022
4.75000,9.99989,0.00013,9.99989,0.00015,0.00021
4.75500,9.99990,0.00012,9.99990,0.00016,0.00020
4.76000,9.99990,0.00011,9.99990,0.00016,0.00019
4.76500,9.99990,0.00011,9.99990,0.00016,0.00019
4.77000,9.99990,0.00010,9.99990,0.00016,0.00018
4.77500,9.99990,0.00009,9.99990,0.00016,0.00018
4.78000,9.99990,0.00009,9.99990,0.00016,0.00017
4.78500,9.99990,0.00008,9.99990,0.00016,0.00016
4.79000,9.99990,0.00007,9.99990,0.00016,0.00016
4.79500,9.99990,0.00007,9.99990,0.00016,0.00015
4.80000,9.99990,0.00006,9.99990,0.00016,0.00015
4.80500,9.99990,0.00006,9.99990,0.00016,0.00014
4.81000,9.99990,0.00005,9.99990,0.00016,0.00014
4.81500,9.99990,0.00004,9.99990,0.00016,0.00013
4.82000,9.99991,0.00004,9.99991,0.00016,0.00013
4.82500,9.99991,0.00003,9.99991,0.00017,0.00012
4.83000,9.99991,0.00003,9.99991,0.00017,0.00012
4.83500,9.99991,0.00002,9.99991,0.00017,0.00011
4.84000,9.99991,0.00002,9.99991,0.00017,0.00011
4.84500,9.99991,0.00002,9.99991,0.00017,0.00010
4.85000,9.99991,0.00001,9.99991,0.00017,0.00010
4.85500,9.99991,0.00001,9.99991,0.00017,0.00009
4.86000,9.99991,0.00000,9.99991,0.00017,0.00009
4.86500,9.99991,-0.00000,9.99991,0.00017,0.00009
4.87000,9.99991,-0.00000,9.99991,0.00017,0.00008
4.87500,9.99991,-0.00001,9.99991,0.00016,0.00008
4.88000,9.99992,-0.00001,9.99991,0.00016,0.00008
4.88500,9.99992,-0.00002,9.99992,0.00016,0.00007
4.89000,9.99992,-0.00002,9.99992,0.00016,0.00007
4.89500,9.99992,-0.00002,9.99992,0.00016,0.00006
4.90000,9.99992,-0.00002,9.99992,0.00016,0.00006
4.90500,9.99992,-0.00003,9.99992,0.00016,0.00006
4.91000,9.99992,-0.00003,9.99992,0.00016,0.00005
4.91500,9.99992,-0.00003,9.99992,0.00016,0.00005
4.92000,9.99992,-0.00004,9.99992,0.00016,0.00005
4.92500,9.99992,-0.00004,9.99992,0.00016,0.00005
4.93000,9.99992,-0.00004,9.99992,0.00016,0.00004
4.93500,9.99992,-0.00004,9.99992,0.00016,0.00004
4.94000,9.99992,-0.00005,9.99992,0.00016,0.00004
4.94500,9.99993,-0.00005,9.99993,0.00016,0.00004
4.95000,9.99993,-0.00005,9.99993,0.00016,0.00003
4.95500,9.99993,-0.00005,9.99993,0.00016,0.00003
4.96000,9.99993,-0.00005,9.99993,0.00016,0.00003
4.96500,9.99993,-0.00006,9.99993,0.00016,0.00003
4.97000,9.99993,-0.00006,9.99993,0.00015,0.00002
4.97500,9.99993,-0.00006,9.99993,0.00015,0.00002
4.98000,9.99993,-0.00006,9.99993,0.00015,0.00002
4.98500,9.99993,-0.00006,9.99993,0.00015,0.00002
4.99000,9.99993,-0.00007,9.99993,0.00015,0.00001
4.99500,9.99993,-0.00007,9.99993,0.00015,0.00001
5.00000,9.99993,-0.00007,9.99993,0.00015,0.00001
5.00500,10.00001,-0.00007,9.99993,0.00015,0.00001
5.01000,10.00016,-0.00007,9.99996,0.00054,0.00259
5.01500,10.00039,-0.00310,10.00001,0.00159,0.00959
5.02000,10.00069,-0.01126,10.00012,0.00346,0.02225
5.02500,10.00106,-0.02594,10.00029,0.00623,0.04136
5.03000,10.00150,-0.04790,10.00052,0.00991,0.06728
5.03500,10.00202,-0.07748,10.00083,0.01448,0.10009
5.04000,10.00260,-0.11464,10.00122,0.01988,0.13965
5.04500,10.00325,-0.15906,10.00168,0.02600,0.18562
5.05000,10.00397,-0.21023,10.00221,0.03276,0.23754
5.05500,10.00474,-0.26750,10.00283,0.04002,0.29485
5.06000,10.00556,-0.33011,10.00351,0.04767,0.35693
5.06500,10.00644,-0.39725,10.00427,0.05559,0.42312
5.07000,10.00736,-0.46807,10.00509,0.06366,0.49276
5.07500,10.00833,-0.54174,10.00598,0.07176,0.56518
5.08000,10.00933,-0.61744,10.00692,0.07980,0.63972
5.08500,10.01037,-0.69437,10.00791,0.08766,0.71575
5.09000,10.01144,-0.77179,10.00894,0.09527,0.79269
5.09500,10.01253,-0.84899,10.01002,0.10255,0.86997
5.10000,10.01364,-0.92535,10.01113,0.10942,0.94708
5.10500,10.01476,-1.00029,10.01227,0.11584,1.02354
5.11000,10.01590,-1.07329,10.01343,0.12174,1.09895
5.11500,10.01704,-1.14390,10.01461,0.12710,1.17291
5.12000,10.01819,-1.21174,10.01580,0.13187,1.24511
5.12500,10.01933,-1.27647,10.01700,0.13605,1.31524
5.13000,10.02047,-1.33784,10.01820,0.13961,1.38309
5.13500,10.02159,-1.39562,10.01940,0.14256,1.44843
5.14000,10.02271,-1.44966,10.02059,0.14488,1.51112
5.14500,10.02381,-1.49984,10.02177,0.14659,1.57103
5.15000,10.02490,-1.54609,10.02294,0.14771,1.62806
5.15500,10.02596,-1.58838,10.02409,0.14823,1.68217
5.16000,10.02700,-1.62673,10.02522,0.14820,1.73331
5.16500,10.02802,-1.66117,10.02632,0.14762,1.78150
5.17000,10.02901,-1.69177,10.02740,0.14652,1.82673
5.17500,10.02997,-1.71864,10.02845,0.14494,1.86907
5.18000,10.03090,-1.74188,10.02946,0.14291,1.90855
5.18500,10.03180,-1.76162,10.03045,0.14045,1.94526
5.19000,10.03267,-1.77803,10.03140,0.13760,1.97929
5.19500,10.03351,-1.79127,10.03232,0.13439,2.01072
5.20000,10.03431,-1.80150,10.03320,0.13086,2.03967
5.20500,10.03508,-1.80891,10.03405,0.12704,2.06625
5.21000,10.03582,-1.81367,10.03486,0.12296,2.09058
5.21500,10.03652,-1.81599,10.03563,0.11865,2.11278
5.22000,10.03719,-1.81603,10.03637,0.11414,2.13298
5.22500,10.03783,-1.81400,10.03706,0.10947,2.15131
5.23000,10.03843,-1.81007,10.03773,0.10467,2.16788
5.23500,10.03900,-1.80443,10.03835,0.09975,2.18283
5.24000,10.03953,-1.79724,10.03894,0.09476,2.19628
5.24500,10.04004,-1.78868,10.03949,0.08970,2.20835
5.25000,10.04051,-1.77892,10.04001,0.08461,2.21915
5.25500,10.04095,-1.76810,10.04049,0.07951,2.22881
5.26000,10.04136,-1.75638,10.04094,0.07441,2.23742
5.26500,10.04174,-1.74390,10.04136,0.06933,2.24509
5.27000,10.04209,-1.73078,10.04175,0.06430,2.25193
5.27500,10.04241,-1.71715,10.04210,0.05932,2.25801
5.28000,10.04271,-1.70312,10.04243,0.05441,2.26343
5.28500,10.04298,-1.68881,10.04273,0.04958,2.26828
5.29000,10.04322,-1.67430,10.04300,0.04485,2.27262
5.29500,10.04344,-1.65968,10.04324,0.04022,2.27653
5.30000,10.04364,-1.64504,10.04346,0.03569,2.28007
5.30500,10.04381,-1.63045,10.04365,0.03128,2.28330
5.31000,10.04396,-1.61597,10.04382,0.02700,2.28628
5.31500,10.04409,-1.60167,10.04396,0.02284,2.28906
5.32000,10.04420,-1.58758,10.04409,0.01881,2.29167
5.32500,10.04430,-1.57376,10.04419,0.01491,2.29416
5.33000,10.04437,-1.56024,10.04427,0.01115,2.29656
5.33500,10.04442,-1.54705,10.04434,0.00752,2.29891
5.34000,10.04446,-1.53423,10.04438,0.00402,2.30123
5.34500,10.04448,-1.52178,10.04441,0.00067,2.30354
5.35000,10.04448,-1.50974,10.04443,-0.00256,2.30586
5.35500,10.04447,-1.49810,10.04442,-0.00565,2.30822
5.36000,10.04445,-1.48688,10.04441,-0.00862,2.31061
5.36500,10.04441,-1.47608,10.04437,-0.01145,2.31306
5.37000,10.04436,-1.46571,10.04433,-0.01416,2.31557
5.37500,10.04430,-1.45576,10.04427,-0.01675,2.31814
5.38000,10.04423,-1.44624,10.04420,-0.01922,2.32079
5.38500,10.04414,-1.43712,10.04412,-0.02157,2.32351
5.39000,10.04404,-1.42841,10.04403,-0.02381,2.32630
5.39500,10.04394,-1.42009,10.04392,-0.02595,2.32916
5.40000,10.04382,-1.41216,10.04381,-0.02798,2.33210
5.40500,10.04369,-1.40461,10.04369,-0.02991,2.33510
5.41000,10.04356,-1.39741,10.04355,-0.03174,2.33817
5.41500,10.04342,-1.39055,10.04341,-0.03348,2.34129
5.42000,10.04327,-1.38403,10.04327,-0.03513,2.34447
5.42500,10.04311,-1.37783,10.04311,-0.03670,2.34769
5.43000,10.04294,-1.37193,10.04295,-0.03819,2.35095
5.43500,10.04277,-1.36631,10.04278,-0.03960,2.35425
5.44000,10.04259,-1.36097,10.04260,-0.04093,2.35758
5.44500,10.04240,-1.35588,10.04242,-0.04219,2.36093
5.45000,10.04221,-1.35104,10.04223,-0.04339,2.36429
5.45500,10.04201,-1.34642,10.04203,-0.04452,2.36767
5.46000,10.04181,-1.34202,10.04183,-0.04559,2.37104
5.46500,10.04160,-1.33782,10.04163,-0.04660,2.37441
5.47000,10.04139,-1.33381,10.04142,-0.04756,2.37777
5.47500,10.04117,-1.32998,10.04120,-0.04846,2.38112
5.48000,10.04095,-1.32631,10.04098,-0.04932,2.38445
5.48500,10.04072,-1.32280,10.04076,-0.05012,2.38775
5.49000,10.04049,-1.31943,10.04053,-0.05088,2.39102
5.49500,10.04025,-1.31619,10.04030,-0.05160,2.39425
5.50000,10.04001,-1.31308,10.04006,-0.05228,2.39744
5.50500,10.03977,-1.31008,10.03982,-0.05292,2.40060
5.51000,10.03952,-1.30719,10.03958,-0.05351,2.40370
5.51500,10.03927,-1.30440,10.03933,-0.05408,2.40676
5.52000,10.03902,-1.30170,10.03908,-0.05461,2.40977
5.52500,10.03876,-1.29909,10.03883,-0.05510,2.41272
5.53000,10.03851,-1.29656,10.03857,-0.05557,2.41562
5.53500,10.03825,-1.29411,10.03831,-0.05600,2.41846
5.54000,10.03798,-1.29172,10.03805,-0.05641,2.42124
5.54500,10.03772,-1.28941,10.03779,-0.05678,2.42396
5.55000,10.03745,-1.28715,10.03752,-0.05713,2.42662
5.55500,10.03718,-1.28496,10.03726,-0.05746,2.42922
5.56000,10.03691,-1.28281,10.03699,-0.05776,2.43175
5.56500,10.03663,-1.28073,10.03671,-0.05803,2.43423
5.57000,10.03636,-1.27869,10.03644,-0.05829,2.43664
5.57500,10.03608,-1.27670,10.03617,-0.05852,2.43899
5.58000,10.03580,-1.27475,10.03589,-0.05872,2.44128
5.58500,10.03552,-1.27285,10.03561,-0.05891,2.44351
5.59000,10.03524,-1.27099,10.03533,-0.05908,2.44568
5.59500,10.03495,-1.26918,10.03505,-0.05922,2.44779
5.60000,10.03467,-1.26740,10.03477,-0.05935,2.44984
5.60500,10.03439,-1.26567,10.03449,-0.05946,2.45183
5.61000,10.03410,-1.26397,10.03420,-0.05955,2.45377
5.61500,10.03381,-1.26231,10.03392,-0.05962,2.45565
5.62000,10.03353,-1.26069,10.03363,-0.05968,2.45748
5.62500,10.03324,-1.25910,10.03335,-0.05971,2.45926
5.63000,10.03295,-1.25755,10.03306,-0.05973,2.46098
5.63500,10.03266,-1.25604,10.03277,-0.05974,2.46266
5.64000,10.03238,-1.25456,10.03249,-0.05973,2.46428
5.64500,10.03209,-1.25312,10.03220,-0.05970,2.46586
5.65000,10.03180,-1.25171,10.03191,-0.05966,2.46739
5.65500,10.03151,-1.25034,10.03162,-0.05961,2.46888
5.66000,10.03122,-1.24901,10.03134,-0.05954,2.47032
5.66500,10.03093,-1.24770,10.03105,-0.05945,2.47172
5.67000,10.03064,-1.24644,10.03076,-0.05936,2.47308
5.67500,10.03035,-1.24520,10.03047,-0.05925,2.47440
5.68000,10.03007,-1.24400,10.03019,-0.05912,2.47568
5.68500,10.02978,-1.24284,10.02990,-0.05899,2.47693
5.69000,10.02949,-1.24171,10.02961,-0.05884,2.47813
5.69500,10.02921,-1.24061,10.02933,-0.05868,2.47931
5.70000,10.02892,-1.23954,10.02904,-0.05851,2.48045
5.70500,10.02864,-1.23851,10.02876,-0.05833,2.48155
5.71000,10.02835,-1.23751,10.02847,-0.05814,2.48262
5.71500,10.02807,-1.23654,10.02819,-0.05794,2.48367
5.72000,10.02779,-1.23561,10.02791,-0.05773,2.48468
5.72500,10.02750,-1.23470,10.02763,-0.05751,2.48566
5.73000,10.02722,-1.23383,10.02735,-0.05727,2.48662
5.73500,10.02694,-1.23299,10.02707,-0.05703,2.48754
5.74000,10.02666,-1.23217,10.02679,-0.05679,2.48844
5.74500,10.02639,-1.23139,10.02651,-0.05653,2.48932
5.75000,10.02611,-1.23064,10.02624,-0.05626,2.49017
5.75500,10.02584,-1.22991,10.02596,-0.05599,2.49099
5.76000,10.02556,-1.22922,10.02569,-0.05571,2.49180
5.76500,10.02529,-1.22855,10.02541,-0.05542,2.49257
5.77000,10.02502,-1.22791,10.02514,-0.05513,2.49333
5.77500,10.02475,-1.22729,10.02487,-0.05483,2.49406
5.78000,10.02448,-1.22670,10.02460,-0.05452,2.49478
5.78500,10.02421,-1.22614,10.02434,-0.05421,2.49547
5.79000,10.02395,-1.22560,10.02407,-0.05389,2.49614
5.79500,10.02368,-1.22509,10.02381,-0.05356,2.49679
5.80000,10.02342,-1.22460,10.02354,-0.05323,2.49743
5.80500,10.02316,-1.22413,10.02328,-0.05290,2.49804
5.81000,10.02290,-1.22369,10.02302,-0.05256,2.49864
5.81500,10.02264,-1.22327,10.02276,-0.05221,2.49921
5.82000,10.02239,-1.22287,10.02251,-0.05186,2.49977
5.82500,10.02213,-1.22249,10.02225,-0.05151,2.50032
5.83000,10.02188,-1.22213,10.02200,-0.05115,2.50084
5.83500,10.02163,-1.22179,10.02175,-0.05079,2.50136
5.84000,10.02138,-1.22148,10.02150,-0.05043,2.50185
5.84500,10.02113,-1.22118,10.02125,-0.05006,2.50233
5.85000,10.02088,-1.22090,10.02100,-0.04970,2.50279
5.85500,10.02064,-1.22063,10.02076,-0.04932,2.50324
5.86000,10.02040,-1.22039,10.02051,-0.04895,2.50368
5.86500,10.02016,-1.22016,10.02027,-0.04857,2.50409
5.87000,10.01992,-1.21994,10.02003,-0.04819,2.50450
5.87500,10.01968,-1.21975,10.01980,-0.04781,2.50489
5.88000,10.01945,-1.21957,10.01956,-0.04743,2.50527
5.88500,10.01921,-1.21940,10.01933,-0.04705,2.50564
5.89000,10.01898,-1.21925,10.01909,-0.04666,2.50599
5.89500,10.01875,-1.21911,10.01886,-0.04627,2.50633
5.90000,10.01852,-1.21898,10.01863,-0.04588,2.50666
5.90500,10.01830,-1.21887,10.01841,-0.04550,2.50698
5.91000,10.01807,-1.21877,10.01818,-0.04511,2.50728
5.91500,10.01785,-1.21869,10.01796,-0.04471,2.50757
5.92000,10.01763,-1.21861,10.01774,-0.04432,2.50786
5.92500,10.01741,-1.21855,10.01752,-0.04393,2.50813
5.93000,10.01720,-1.21850,10.01730,-0.04354,2.50839
5.93500,10.01698,-1.21846,10.01709,-0.04315,2.50864
5.94000,10.01677,-1.21842,10.01687,-0.04276,2.50888
5.94500,10.01656,-1.21840,10.01666,-0.04236,2.50911
5.95000,10.01635,-1.21839,10.01645,-0.04197,2.50933
5.95500,10.01614,-1.21839,10.01625,-0.04158,2.50954
5.96000,10.01594,-1.21840,10.01604,-0.04119,2.50974
5.96500,10.01573,-1.21842,10.01584,-0.04080,2.50993
5.97000,10.01553,-1.21844,10.01563,-0.04041,2.51011
5.97500,10.01533,-1.21848,10.01543,-0.04002,2.51029
5.98000,10.01513,-1.21852,10.01523,-0.03963,2.51045
5.98500,10.01494,-1.21857,10.01504,-0.03925,2.51061
5.99000,10.01475,-1.21862,10.01484,-0.03886,2.51076
5.99500,10.01455,-1.21869,10.01465,-0.03847,2.51090
6.00000,10.01436,-1.21876,10.01446,-0.03809,2.51104
6.00500,10.01418,-1.21883,10.01427,-0.03771,2.51116
6.01000,10.01399,-1.21892,10.01408,-0.03733,2.51128
6.01500,10.01380,-1.21901,10.01390,-0.03694,2.51140
6.02000,10.01362,-1.21910,10.01371,-0.03657,2.51150
6.02500,10.01344,-1.21921,10.01353,-0.03619,2.51160
6.03000,10.01326,-1.21931,10.01335,-0.03581,2.51170
6.03500,10.01308,-1.21943,10.01318,-0.03544,2.51178
6.04000,10.01291,-1.21954,10.01300,-0.03506,2.51186
6.04500,10.01274,-1.21967,10.01282,-0.03469,2.51194
6.05000,10.01256,-1.21979,10.01265,-0.03432,2.51201
6.05500,10.01239,-1.21993,10.01248,-0.03396,2.51207
6.06000,10.01223,-1.22006,10.01231,-0.03359,2.51213
6.06500,10.01206,-1.22020,10.01215,-0.03323,2.51218
6.07000,10.01190,-1.22035,10.01198,-0.03287,2.51223
6.07500,10.01173,-1.22050,10.01182,-0.03251,2.51227
6.08000,10.01157,-1.22065,10.01166,-0.03215,2.51231
6.08500,10.01141,-1.22081,10.01150,-0.03179,2.51234
6.09000,10.01126,-1.22097,10.01134,-0.03144,2.51237
6.09500,10.01110,-1.22113,10.01118,-0.03109,2.51239
6.10000,10.01095,-1.22129,10.01103,-0.03074,2.51241
6.10500,10.01079,-1.22146,10.01087,-0.03039,2.51242
6.11000,10.01064,-1.22163,10.01072,-0.03005,2.51244
6.11500,10.01049,-1.22181,10.01057,-0.02970,2.51244
6.12000,10.01035,-1.22199,10.01042,-0.02936,2.51245
6.12500,10.01020,-1.22216,10.01028,-0.02902,2.51245
6.13000,10.01006,-1.22235,10.01013,-0.02869,2.51244
6.13500,10.00991,-1.22253,10.00999,-0.02835,2.51243
6.14000,10.00977,-1.22272,10.00985,-0.02802,2.51242
6.14500,10.00964,-1.22290,10.00971,-0.02769,2.51241
6.15000,10.00950,-1.22309,10.00957,-0.02737,2.51239
6.15500,10.00936,-1.22328,10.00943,-0.02704,2.51237
6.16000,10.00923,-1.22348,10.00930,-0.02672,2.51235
6.16500,10.00910,-1.22367,10.00917,-0.02640,2.51232
6.17000,10.00896,-1.22387,10.00903,-0.02609,2.51230
6.17500,10.00884,-1.22406,10.00890,-0.02577,2.51226
6.18000,10.00871,-1.22426,10.00877,-0.02546,2.51223
6.18500,10.00858,-1.22446,10.00865,-0.02515,2.51219
6.19000,10.00846,-1.22466,10.00852,-0.02485,2.51216
6.19500,10.00833,-1.22486,10.00840,-0.02454,2.51212
6.20000,10.00821,-1.22507,10.00828,-0.02424,2.51207
6.20500,10.00809,-1.22527,10.00815,-0.02394,2.51203
6.21000,10.00797,-1.22547,10.00803,-0.02365,2.51198
6.21500,10.00785,-1.22568,10.00792,-0.02335,2.51193
6.22000,10.00774,-1.22588,10.00780,-0.02306,2.51188
6.22500,10.00762,-1.22609,10.00768,-0.02277,2.51183
6.23000,10.00751,-1.22629,10.00757,-0.02249,2.51177
6.23500,10.00740,-1.22650,10.00746,-0.02220,2.51172
6.24000,10.00729,-1.22671,10.00735,-0.02192,2.51166
6.24500,10.00718,-1.22691,10.00724,-0.02165,2.51160
6.25000,10.00707,-1.22712,10.00713,-0.02137,2.51154
6.25500,10.00697,-1.22733,10.00702,-0.02110,2.51148
6.26000,10.00686,-1.22753,10.00692,-0.02083,2.51141
6.26500,10.00676,-1.22774,10.00681,-0.02056,2.51135
6.27000,10.00665,-1.22795,10.00671,-0.02029,2.51128
6.27500,10.00655,-1.22815,10.00661,-0.02003,2.51122
6.28000,10.00645,-1.22836,10.00651,-0.01977,2.51115
6.28500,10.00636,-1.22856,10.00641,-0.01951,2.51108
6.29000,10.00626,-1.22877,10.00631,-0.01926,2.51101
6.29500,10.00616,-1.22897,10.00621,-0.01900,2.51094
6.30000,10.00607,-1.22918,10.00612,-0.01875,2.51087
6.30500,10.00598,-1.22938,10.00603,-0.01850,2.51079
6.31000,10.00588,-1.22959,10.00593,-0.01826,2.51072
6.31500,10.00579,-1.22979,10.00584,-0.01802,2.51065
6.32000,10.00570,-1.22999,10.00575,-0.01778,2.51057
6.32500,10.00561,-1.23019,10.00566,-0.01754,2.51050
6.33000,10.00553,-1.23039,10.00557,-0.01730,2.51042
6.33500,10.00544,-1.23060,10.00549,-0.01707,2.51034
6.34000,10.00536,-1.23079,10.00540,-0.01684,2.51026
6.34500,10.00527,-1.23099,10.00532,-0.01661,2.51019
6.35000,10.00519,-1.23119,10.00523,-0.01639,2.51011
6.35500,10.00511,-1.23139,10.00515,-0.01616,2.51003
6.36000,10.00503,-1.23159,10.00507,-0.01594,2.50995
6.36500,10.00495,-1.23178,10.00499,-0.01572,2.50987
6.37000,10.00487,-1.23198,10.00491,-0.01551,2.50979
6.37500,10.00479,-1.23217,10.00483,-0.01529,2.50971
6.38000,10.00472,-1.23236,10.00476,-0.01508,2.50963
6.38500,10.00464,-1.23255,10.00468,-0.01487,2.50955
6.39000,10.00457,-1.23274,10.00461,-0.01467,2.50947
6.39500,10.00449,-1.23293,10.00453,-0.01446,2.50939
6.40000,10.00442,-1.23312,10.00446,-0.01426,2.50931
6.40500,10.00435,-1.23331,10.00439,-0.01406,2.50923
6.41000,10.00428,-1.23349,10.00432,-0.01386,2.50914
6.41500,10.00421,-1.23368,10.00425,-0.01367,2.50906
6.42000,10.00414,-1.23386,10.00418,-0.01347,2.50898
6.42500,10.00408,-1.23405,10.00411,-0.01328,2.50890
6.43000,10.00401,-1.23423,10.00405,-0.01309,2.50882
6.43500,10.00394,-1.23441,10.00398,-0.01291,2.50874
6.44000,10.00388,-1.23459,10.00392,-0.01272,2.50866
6.44500,10.00382,-1.23476,10.00385,-0.01254,2.50857
6.45000,10.00375,-1.23494,10.00379,-0.01236,2.50849
6.45500,10.00369,-1.23512,10.00373,-0.01218,2.50841
6.46000,10.00363,-1.23529,10.00367,-0.01201,2.50833
6.46500,10.00357,-1.23546,10.00361,-0.01183,2.50825
6.47000,10.00351,-1.23564,10.00355,-0.01166,2.50817
6.47500,10.00345,-1.23581,10.00349,-0.01149,2.50809
6.48000,10.00340,-1.23597,10.00343,-0.01132,2.50801
6.48500,10.00334,-1.23614,10.00337,-0.01116,2.50793
6.49000,10.00329,-1.23631,10.00332,-0.01100,2.50785
6.49500,10.00323,-1.23647,10.00326,-0.01083,2.50777
6.50000,10.00318,-1.23664,10.00321,-0.01067,2.50769
6.50500,10.00312,-1.23680,10.00315,-0.01052,2.50761
6.51000,10.00307,-1.23696,10.00310,-0.01036,2.50753
6.51500,10.00302,-1.23712,10.00305,-0.01021,2.50746
6.52000,10.00297,-1.23728,10.00300,-0.01006,2.50738
6.52500,10.00292,-1.23744,10.00295,-0.00991,2.50730
6.53000,10.00287,-1.23759,10.00290,-0.00976,2.50722
6.53500,10.00282,-1.23775,10.00285,-0.00961,2.50715
6.54000,10.00277,-1.23790,10.00280,-0.00947,2.50707
6.54500,10.00272,-1.23805,10.00275,-0.00933,2.50699
6.55000,10.00268,-1.23820,10.00270,-0.00918,2.50692
6.55500,10.00263,-1.23835,10.00266,-0.00905,2.50684
6.56000,10.00259,-1.23850,10.00261,-0.00891,2.50677
6.56500,10.00254,-1.23864,10.00257,-0.00877,2.50669
6.57000,10.00250,-1.23879,10.00252,-0.00864,2.50662
6.57500,10.00245,-1.23893,10.00248,-0.00851,2.50655
6.58000,10.00241,-1.23908,10.00244,-0.00838,2.50647
6.58500,10.00237,-1.23922,10.00239,-0.00825,2.50640
6.59000,10.00233,-1.23936,10.00235,-0.00812,2.50633
6.59500,10.00229,-1.23949,10.00231,-0.00800,2.50626
6.60000,10.00225,-1.23963,10.00227,-0.00787,2.50618
6.60500,10.00221,-1.23977,10.00223,-0.00775,2.50611
6.61000,10.00217,-1.23990,10.00219,-0.00763,2.50604
6.61500,10.00213,-1.24003,10.00215,-0.00751,2.50597
6.62000,10.00209,-1.24016,10.00212,-0.00740,2.50590
6.62500,10.00206,-1.24030,10.00208,-0.00728,2.50584
6.63000,10.00202,-1.24042,10.00204,-0.00717,2.50577
6.63500,10.00199,-1.24055,10.00201,-0.00706,2.50570
6.64000,10.00195,-1.24068,10.00197,-0.00694,2.50563
6.64500,10.00192,-1.24080,10.00194,-0.00683,2.50556
6.65000,10.00188,-1.24093,10.00190,-0.00673,2.50550
6.65500,10.00185,-1.24105,10.00187,-0.00662,2.50543
6.66000,10.00181,-1.24117,10.00183,-0.00652,2.50537
6.66500,10.00178,-1.24129,10.00180,-0.00641,2.50530
6.67000,10.00175,-1.24141,10.00177,-0.00631,2.50524
6.67500,10.00172,-1.24153,10.00174,-0.00621,2.50517
6.68000,10.00169,-1.24164,10.00171,-0.00611,2.50511
6.68500,10.00166,-1.24176,10.00167,-0.00601,2.50505
6.69000,10.00163,-1.24187,10.00164,-0.00592,2.50499
6.69500,10.00160,-1.24198,10.00161,-0.00582,2.50492
6.70000,10.00157,-1.24209,10.00158,-0.00573,2.50486
6.70500,10.00154,-1.24220,10.00156,-0.00563,2.50480
6.71000,10.00151,-1.24231,10.00153,-0.00554,2.50474
6.71500,10.00148,-1.24242,10.00150,-0.00545,2.50468
6.72000,10.00146,-1.24252,10.00147,-0.00536,2.50462
6.72500,10.00143,-1.24263,10.00144,-0.00528,2.50457
6.73000,10.00140,-1.24273,10.00142,-0.00519,2.50451
6.73500,10.00138,-1.24284,10.00139,-0.00511,2.50445
6.74000,10.00135,-1.24294,10.00137,-0.00502,2.50439
6.74500,10.00133,-1.24304,10.00134,-0.00494,2.50434
6.75000,10.00130,-1.24314,10.00132,-0.00486,2.50428
6.75500,10.00128,-1.24323,10.00129,-0.00478,2.50423
6.76000,10.00125,-1.24333,10.00127,-0.00470,2.50417
6.76500,10.00123,-1.24343,10.00124,-0.00462,2.50412
6.77000,10.00121,-1.24352,10.00122,-0.00454,2.50406
6.77500,10.00118,-1.24361,10.00120,-0.00447,2.50401
6.78000,10.00116,-1.24371,10.00117,-0.00439,2.50396
6.78500,10.00114,-1.24380,10.00115,-0.00432,2.50391
6.79000,10.00112,-1.24389,10.00113,-0.00425,2.50385
6.79500,10.00110,-1.24398,10.00111,-0.00418,2.50380
6.80000,10.00108,-1.24406,10.00109,-0.00411,2.50375
6.80500,10.00105,-1.24415,10.00107,-0.00404,2.50370
6.81000,10.00103,-1.24424,10.00105,-0.00397,2.50365
6.81500,10.00101,-1.24432,10.00103,-0.00390,2.50360
6.82000,10.00099,-1.24441,10.00101,-0.00383,2.50355
6.82500,10.00098,-1.24449,10.00099,-0.00377,2.50351
6.83000,10.00096,-1.24457,10.00097,-0.00371,2.50346
6.83500,10.00094,-1.24465,10.00095,-0.00364,2.50341
6.84000,10.00092,-1.24473,10.00093,-0.00358,2.50337
6.84500,10.00090,-1.24481,10.00091,-0.00352,2.50332
6.85000,10.00088,-1.24489,10.00089,-0.00346,2.50327
6.85500,10.00087,-1.24496,10.00088,-0.00340,2.50323
6.86000,10.00085,-1.24504,10.00086,-0.00334,2.50318
6.86500,10.00083,-1.24511,10.00084,-0.00328,2.50314
6.87000,10.00082,-1.24519,10.00083,-0.00322,2.50310
6.87500,10.00080,-1.24526,10.00081,-0.00317,2.50305
6.88000,10.00078,-1.24533,10.00079,-0.00311,2.50301
6.88500,10.00077,-1.24540,10.00078,-0.00306,2.50297
6.89000,10.00075,-1.24547,10.00076,-0.00301,2.50293
6.89500,10.00074,-1.24554,10.00075,-0.00295,2.50289
6.90000,10.00072,-1.24561,10.00073,-0.00290,2.50285
6.90500,10.00071,-1.24568,10.00072,-0.00285,2.50281
6.91000,10.00069,-1.24574,10.00070,-0.00280,2.50277
6.91500,10.00068,-1.24581,10.00069,-0.00275,2.50273
6.92000,10.00067,-1.24587,10.00068,-0.00270,2.50269
6.92500,10.00065,-1.24594,10.00066,-0.00265,2.50265
6.93000,10.00064,-1.24600,10.00065,-0.00261,2.50261
6.93500,10.00063,-1.24606,10.00063,-0.00256,2.50257
6.94000,10.00061,-1.24613,10.00062,-0.00251,2.50254
6.94500,10.00060,-1.24619,10.00061,-0.00247,2.50250
6.95000,10.00059,-1.24625,10.00060,-0.00242,2.50246
6.95500,10.00058,-1.24630,10.00058,-0.00238,2.50243
6.96000,10.00056,-1.24636,10.00057,-0.00234,2.50239
6.96500,10.00055,-1.24642,10.00056,-0.00230,2.50236
6.97000,10.00054,-1.24648,10.00055,-0.00225,2.50232
6.97500,10.00053,-1.24653,10.00054,-0.00221,2.50229
6.98000,10.00052,-1.24659,10.00053,-0.00217,2.50226
6.98500,10.00051,-1.24664,10.00051,-0.00213,2.50222
6.99000,10.00050,-1.24669,10.00050,-0.00209,2.50219
6.99500,10.00049,-1.24675,10.00049,-0.00206,2.50216
7.00000,10.00048,-1.24680,10.00048,-0.00202,2.50213
7.00500,10.00047,-1.24685,10.00047,-0.00198,2.50209
7.01000,10.00046,-1.24690,10.00046,-0.00194,2.50206
7.01500,10.00045,-1.24695,10.00045,-0.00191,2.50203
7.02000,10.00044,-1.24700,10.00044,-0.00187,2.50200
7.02500,10.00043,-1.24705,10.00043,-0.00184,2.50197
7.03000,10.00042,-1.24710,10.00042,-0.00180,2.50194
7.03500,10.00041,-1.24714,10.00041,-0.00177,2.50191
7.04000,10.00040,-1.24719,10.00041,-0.00174,2.50188
7.04500,10.00039,-1.24724,10.00040,-0.00171,2.50186
7.05000,10.00038,-1.24728,10.00039,-0.00167,2.50183
7.05500,10.00037,-1.24733,10.00038,-0.00164,2.50180
7.06000,10.00037,-1.24737,10.00037,-0.00161,2.50177
7.06500,10.00036,-1.24741,10.00036,-0.00158,2.50174
7.07000,10.00035,-1.24746,10.00036,-0.00155,2.50172
7.07500,10.00034,-1.24750,10.00035,-0.00152,2.50169
7.08000,10.00033,-1.24754,10.00034,-0.00149,2.50167
7.08500,10.00033,-1.24758,10.00033,-0.00146,2.50164
7.09000,10.00032,-1.24762,10.00032,-0.00144,2.50161
7.09500,10.00031,-1.24766,10.00032,-0.00141,2.50159
7.10000,10.00031,-1.24770,10.00031,-0.00138,2.50157
7.10500,10.00030,-1.24774,10.00030,-0.00135,2.50154
7.11000,10.00029,-1.24778,10.00030,-0.00133,2.50152
7.11500,10.00029,-1.24781,10.00029,-0.00130,2.50149
7.12000,10.00028,-1.24785,10.00028,-0.00128,2.50147
7.12500,10.00027,-1.24789,10.00028,-0.00125,2.50145
7.13000,10.00027,-1.24792,10.00027,-0.00123,2.50142
7.13500,10.00026,-1.24796,10.00026,-0.00120,2.50140
7.14000,10.00025,-1.24799,10.00026,-0.00118,2.50138
7.14500,10.00025,-1.24803,10.00025,-0.00116,2.50136
7.15000,10.00024,-1.24806,10.00025,-0.00113,2.50134
7.15500,10.00024,-1.24809,10.00024,-0.00111,2.50131
7.16000,10.00023,-1.24813,10.00023,-0.00109,2.50129
7.16500,10.00022,-1.24816,10.00023,-0.00107,2.50127
7.17000,10.00022,-1.24819,10.00022,-0.00105,2.50125
7.17500,10.00021,-1.24822,10.00022,-0.00103,2.50123
7.18000,10.00021,-1.24825,10.00021,-0.00101,2.50121
7.18500,10.00020,-1.24828,10.00021,-0.00099,2.50119
7.19000,10.00020,-1.24831,10.00020,-0.00097,2.50117
7.19500,10.00019,-1.24834,10.00020,-0.00095,2.50115
7.20000,10.00019,-1.24837,10.00019,-0.00093,2.50114
7.20500,10.00018,-1.24840,10.00019,-0.00091,2.50112
7.21000,10.00018,-1.24843,10.00018,-0.00089,2.50110
7.21500,10.00018,-1.24845,10.00018,-0.00087,2.50108
7.22000,10.00017,-1.24848,10.00017,-0.00085,2.50106
7.22500,10.00017,-1.24851,10.00017,-0.00084,2.50105
7.23000,10.00016,-1.24853,10.00017,-0.00082,2.50103
7.23500,10.00016,-1.24856,10.00016,-0.00080,2.50101
7.24000,10.00015,-1.24859,10.00016,-0.00079,2.50100
7.24500,10.00015,-1.24861,10.00015,-0.00077,2.50098
7.25000,10.00015,-1.24864,10.00015,-0.00075,2.50096
7.25500,10.00014,-1.24866,10.00015,-0.00074,2.50095
7.26000,10.00014,-1.24868,10.00014,-0.00072,2.50093
7.26500,10.00014,-1.24871,10.00014,-0.00071,2.50092
7.27000,10.00013,-1.24873,10.00013,-0.00069,2.50090
7.27500,10.00013,-1.24875,10.00013,-0.00068,2.50088
7.28000,10.00012,-1.24878,10.00013,-0.00066,2.50087
7.28500,10.00012,-1.24880,10.00012,-0.00065,2.50086
7.29000,10.00012,-1.24882,10.00012,-0.00064,2.50084
7.29500,10.00012,-1.24884,10.00012,-0.00062,2.50083
7.30000,10.00011,-1.24886,10.00011,-0.00061,2.50081
7.30500,10.00011,-1.24888,10.00011,-0.00060,2.50080
7.31000,10.00011,-1.24890,10.00011,-0.00058,2.50079
7.31500,10.00010,-1.24892,10.00010,-0.00057,2.50077
7.32000,10.00010,-1.24894,10.00010,-0.00056,2.50076
7.32500,10.00010,-1.24896,10.00010,-0.00055,2.50075
7.33000,10.00009,-1.24898,10.00010,-0.00053,2.50073
7.33500,10.00009,-1.24900,10.00009,-0.00052,2.50072
7.34000,10.00009,-1.24902,10.00009,-0.00051,2.50071
7.34500,10.00009,-1.24904,10.00009,-0.00050,2.50070
7.35000,10.00008,-1.24906,10.00009,-0.00049,2.50068
7.35500,10.00008,-1.24907,10.00008,-0.00048,2.50067
7.36000,10.00008,-1.24909,10.00008,-0.00047,2.50066
7.36500,10.00008,-1.24911,10.00008,-0.00046,2.50065
7.37000,10.00007,-1.24912,10.00008,-0.00045,2.50064
7.37500,10.00007,-1.24914,10.00007,-0.00044,2.50063
7.38000,10.00007,-1.24916,10.00007,-0.00043,2.50062
7.38500,10.00007,-1.24917,10.00007,-0.00042,2.50060
7.39000,10.00007,-1.24919,10.00007,-0.00041,2.50059
7.39500,10.00006,-1.24920,10.00006,-0.00040,2.50058
7.40000,10.00006,-1.24922,10.00006,-0.00039,2.50057
7.40500,10.00006,-1.24923,10.00006,-0.00038,2.50056
7.41000,10.00006,-1.24925,10.00006,-0.00037,2.50055
7.41500,10.00006,-1.24926,10.00006,-0.00036,2.50054
7.42000,10.00005,-1.24928,10.00006,-0.00035,2.50053
7.42500,10.00005,-1.24929,10.00005,-0.00035,2.50052
7.43000,10.00005,-1.24931,10.00005,-0.00034,2.50051
7.43500,10.00005,-1.24932,10.00005,-0.00033,2.50051
7.44000,10.00005,-1.24933,10.00005,-0.00032,2.50050
7.44500,10.00005,-1.24935,10.00005,-0.00031,2.50049
7.45000,10.00004,-1.24936,10.00004,-0.00031,2.50048
7.45500,10.00004,-1.24937,10.00004,-0.00030,2.50047
7.46000,10.00004,-1.24938,10.00004,-0.00029,2.50046
7.46500,10.00004,-1.24940,10.00004,-0.00028,2.50045
7.47000,10.00004,-1.24941,10.00004,-0.00028,2.50044
7.47500,10.00004,-1.24942,10.00004,-0.00027,2.50044
7.48000,10.00003,-1.24943,10.00004,-0.00026,2.50043
7.48500,10.00003,-1.24944,10.00003,-0.00026,2.50042
7.49000,10.00003,-1.24945,10.00003,-0.00025,2.50041
7.49500,10.00003,-1.24946,10.00003,-0.00025,2.50041
7.50000,10.00003,-1.24947,10.00003,-0.00024,2.50040
7.50500,10.00003,-1.24949,10.00003,-0.00023,2.50039
7.51000,10.00003,-1.24950,10.00003,-0.00023,2.50038
7.51500,10.00003,-1.24951,10.00003,-0.00022,2.50038
7.52000,10.00002,-1.24952,10.00003,-0.00022,2.50037
7.52500,10.00002,-1.24953,10.00002,-0.00021,2.50036
7.53000,10.00002,-1.24954,10.00002,-0.00021,2.50036
7.53500,10.00002,-1.24954,10.00002,-0.00020,2.50035
7.54000,10.00002,-1.24955,10.00002,-0.00019,2.50034
7.54500,10.00002,-1.24956,10.00002,-0.00019,2.50034
7.55000,10.00002,-1.24957,10.00002,-0.00018,2.50033
7.55500,10.00002,-1.24958,10.00002,-0.00018,2.50032
7.56000,10.00002,-1.24959,10.00002,-0.00018,2.50032
7.56500,10.00002,-1.24960,10.00002,-0.00017,2.50031
7.57000,10.00002,-1.24961,10.00002,-0.00017,2.50030
7.57500,10.00001,-1.24961,10.00001,-0.00016,2.50030
7.58000,10.00001,-1.24962,10.00001,-0.00016,2.50029
7.58500,10.00001,-1.24963,10.00001,-0.00015,2.50029
7.59000,10.00001,-1.24964,10.00001,-0.00015,2.50028
7.59500,10.00001,-1.24965,10.00001,-0.00014,2.50028
7.60000,10.00001,-1.24965,10.00001,-0.00014,2.50027
7.60500,10.00001,-1.24966,10.00001,-0.00014,2.50027
7.61000,10.00001,-1.24967,10.00001,-0.00013,2.50026
7.61500,10.00001,-1.24968,10.00001,-0.00013,2.50026
7.62000,10.00001,-1.24968,10.00001,-0.00013,2.50025
7.62500,10.00001,-1.24969,10.00001,-0.00012,2.50025
7.63000,10.00001,-1.24970,10.00001,-0.00012,2.50024
7.63500,10.00001,-1.24970,10.00001,-0.00011,2.50024
7.64000,10.00001,-1.24971,10.00001,-0.00011,2.50023
7.64500,10.00000,-1.24972,10.00000,-0.00011,2.50023
7.65000,10.00000,-1.24972,10.00000,-0.00010,2.50022
7.65500,10.00000,-1.24973,10.00000,-0.00010,2.50022
7.66000,10.00000,-1.24973,10.00000,-0.00010,2.50021
7.66500,10.00000,-1.24974,10.00000,-0.00010,2.50021
7.67000,10.00000,-1.24975,10.00000,-0.00009,2.50021
7.67500,10.00000,-1.24975,10.00000,-0.00009,2.50020
7.68000,10.00000,-1.24976,10.00000,-0.00009,2.50020
7.68500,10.00000,-1.24976,10.00000,-0.00008,2.50019
7.69000,10.00000,-1.24977,10.00000,-0.00008,2.50019
7.69500,10.00000,-1.24977,10.00000,-0.00008,2.50019
7.70000,10.00000,-1.24978,10.00000,-0.00008,2.50018
7.70500,10.00000,-1.24978,10.00000,-0.00007,2.50018
7.71000,10.00000,-1.24979,10.00000,-0.00007,2.50017
7.71500,10.00000,-1.24979,10.00000,-0.00007,2.50017
7.72000,10.00000,-1.24980,10.00000,-0.00007,2.50017
7.72500,10.00000,-1.24980,10.00000,-0.00006,2.50016
7.73000,10.00000,-1.24981,10.00000,-0.00006,2.50016
7.73500,10.00000,-1.24981,10.00000,-0.00006,2.50016
7.74000,10.00000,-1.24982,10.00000,-0.00006,2.50015
7.74500,10.00000,-1.24982,10.00000,-0.00006,2.50015
7.75000,10.00000,-1.24982,10.00000,-0.00005,2.50015
7.75500,10.00000,-1.24983,10.00000,-0.00005,2.50014
7.76000,10.00000,-1.24983,10.00000,-0.00005,2.50014
7.76500,10.00000,-1.24984,10.00000,-0.00005,2.50014
7.77000,9.99999,-1.24984,9.99999,-0.00005,2.50014
7.77500,9.99999,-1.24984,9.99999,-0.00004,2.50013
7.78000,9.99999,-1.24985,9.99999,-0.00004,2.50013
7.78500,9.99999,-1.24985,9.99999,-0.00004,2.50013
7.79000,9.99999,-1.24985,9.99999,-0.00004,2.50012
7.79500,9.99999,-1.24986,9.99999,-0.00004,2.50012
7.80000,9.99999,-1.24986,9.99999,-0.00004,2.50012
7.80500,9.99999,-1.24987,9.99999,-0.00003,2.50012
7.81000,9.99999,-1.24987,9.99999,-0.00003,2.50011
7.81500,9.99999,-1.24987,9.99999,-0.00003,2.50011
7.82000,9.99999,-1.24988,9.99999,-0.00003,2.50011
7.82500,9.99999,-1.24988,9.99999,-0.00003,2.50011
7.83000,9.99999,-1.24988,9.99999,-0.00003,2.50010
7.83500,9.99999,-1.24988,9.99999,-0.00003,2.50010
7.84000,9.99999,-1.24989,9.99999,-0.00002,2.50010
7.84500,9.99999,-1.24989,9.99999,-0.00002,2.50010
7.85000,9.99999,-1.24989,9.99999,-0.00002,2.50010
7.85500,9.99999,-1.24990,9.99999,-0.00002,2.50009
7.86000,9.99999,-1.24990,9.99999,-0.00002,2.50009
7.86500,9.99999,-1.24990,9.99999,-0.00002,2.50009
7.87000,9.99999,-1.24990,9.99999,-0.00002,2.50009
7.87500,9.99999,-1.24991,9.99999,-0.00002,2.50008
7.88000,9.99999,-1.24991,9.99999,-0.00002,2.50008
7.88500,9.99999,-1.24991,9.99999,-0.00001,2.50008
7.89000,9.99999,-1.24991,9.99999,-0.00001,2.50008
7.89500,9.99999,-1.24992,9.99999,-0.00001,2.50008
7.90000,9.99999,-1.24992,9.99999,-0.00001,2.50008
7.90500,9.99999,-1.24992,9.99999,-0.00001,2.50007
7.91000,9.99999,-1.24992,9.99999,-0.00001,2.50007
7.91500,9.99999,-1.24992,9.99999,-0.00001,2.50007
7.92000,9.99999,-1.24993,9.99999,-0.00001,2.50007
7.92500,9.99999,-1.24993,9.99999,-0.00001,2.50007
7.93000,9.99999,-1.24993,9.99999,-0.00001,2.50007
7.93500,9.99999,-1.24993,9.99999,-0.00001,2.50006
7.94000,9.99999,-1.24993,9.99999,-0.00000,2.50006
7.94500,9.99999,-1.24994,9.99999,-0.00000,2.50006
7.95000,9.99999,-1.24994,9.99999,-0.00000,2.50006
7.95500,9.99999,-1.24994,9.99999,-0.00000,2.50006
7.96000,9.99999,-1.24994,9.99999,-0.00000,2.50006
7.96500,9.99999,-1.24994,9.99999,-0.00000,2.50006
7.97000,9.99999,-1.24995,9.99999,-0.00000,2.50005
7.97500,9.99999,-1.24995,9.99999,-0.00000,2.50005
7.98000,9.99999,-1.24995,9.99999,0.00000,2.50005
7.98500,9.99999,-1.24995,9.99999,0.00000,2.50005
7.99000,9.99999,-1.24995,9.99999,0.00000,2.50005
7.99500,9.99999,-1.24995,9.99999,0.00000,2.50005
8.00000,9.99999,-1.24995,9.99999,0.00000,2.50005
8.00500,9.99999,-1.24996,9.99999,0.00000,2.50005
8.01000,9.99999,-1.24996,9.99999,0.00000,2.50004
8.01500,9.99999,-1.24996,9.99999,0.00000,2.50004
8.02000,9.99999,-1.24996,9.99999,0.00000,2.50004
8.02500,9.99999,-1.24996,9.99999,0.00000,2.50004
8.03000,9.99999,-1.24996,9.99999,0.00001,2.50004
8.03500,9.99999,-1.24996,9.99999,0.00001,2.50004
8.04000,9.99999,-1.24997,9.99999,0.00001,2.50004
8.04500,9.99999,-1.24997,9.99999,0.00001,2.50004
8.05000,9.99999,-1.24997,9.99999,0.00001,2.50004
8.05500,9.99999,-1.24997,9.99999,0.00001,2.50003
8.06000,9.99999,-1.24997,9.99999,0.00001,2.50003
8.06500,9.99999,-1.24997,9.99999,0.00001,2.50003
8.07000,9.99999,-1.24997,9.99999,0.00001,2.50003
8.07500,9.99999,-1.24997,9.99999,0.00001,2.50003
8.08000,9.99999,-1.24997,9.99999,0.00001,2.50003
8.08500,9.99999,-1.24998,9.99999,0.00001,2.50003
8.09000,9.99999,-1.24998,9.99999,0.00001,2.50003
8.09500,9.99999,-1.24998,9.99999,0.00001,2.50003
8.10000,9.99999,-1.24998,9.99999,0.00001,2.50003
8.10500,9.99999,-1.24998,9.99999,0.00001,2.50003
8.11000,9.99999,-1.24998,9.99999,0.00001,2.50003
8.11500,9.99999,-1.24998,9.99999,0.00001,2.50002
8.12000,9.99999,-1.24998,9.99999,0.00001,2.50002
8.12500,9.99999,-1.24998,9.99999,0.00001,2.50002
8.13000,9.99999,-1.24998,9.99999,0.00001,2.50002
8.13500,9.99999,-1.24998,9.99999,0.00001,2.50002
8.14000,9.99999,-1.24998,9.99999,0.00001,2.50002
8.14500,9.99999,-1.24999,9.99999,0.00001,2.50002
8.15000,9.99999,-1.24999,9.99999,0.00001,2.50002
8.15500,9.99999,-1.24999,9.99999,0.00001,2.50002
8.16000,9.99999,-1.24999,9.99999,0.00001,2.50002
8.16500,9.99999,-1.24999,9.99999,0.00001,2.50002
8.17000,9.99999,-1.24999,9.99999,0.00001,2.50002
8.17500,9.99999,-1.24999,9.99999,0.00001,2.50002
8.18000,9.99999,-1.24999,9.99999,0.00001,2.50002
8.18500,9.99999,-1.24999,9.99999,0.00001,2.50002
8.19000,9.99999,-1.24999,9.99999,0.00001,2.50002
8.19500,9.99999,-1.24999,9.99999,0.00001,2.50001
8.20000,9.99999,-1.24999,9.99999,0.00001,2.50001
8.20500,9.99999,-1.24999,9.99999,0.00001,2.50001
8.21000,9.99999,-1.24999,9.99999,0.00001,2.50001
8.21500,9.99999,-1.24999,9.99999,0.00001,2.50001
8.22000,9.99999,-1.24999,9.99999,0.00001,2.50001
8.22500,9.99999,-1.24999,9.99999,0.00001,2.50001
8.23000,9.99999,-1.25000,9.99999,0.00001,2.50001
8.23500,9.99999,-1.25000,9.99999,0.00001,2.50001
8.24000,9.99999,-1.25000,9.99999,0.00001,2.50001
8.24500,9.99999,-1.25000,9.99999,0.00001,2.50001
8.25000,9.99999,-1.25000,9.99999,0.00001,2.50001
8.25500,9.99999,-1.25000,9.99999,0.00001,2.50001
8.26000,9.99999,-1.25000,9.99999,0.00001,2.50001
8.26500,9.99999,-1.25000,9.99999,0.00001,2.50001
8.27000,9.99999,-1.25000,9.99999,0.00001,2.50001
8.27500,9.99999,-1.25000,9.99999,0.00001,2.50001
8.28000,9.99999,-1.25000,9.99999,0.00001,2.50001
8.28500,9.99999,-1.25000,9.99999,0.00001,2.50001
8.29000,9.99999,-1.25000,9.99999,0.00001,2.50001
8.29500,9.99999,-1.25000,9.99999,0.00001,2.50001
8.30000,9.99999,-1.25000,9.99999,0.00001,2.50001
8.30500,9.99999,-1.25000,9.99999,0.00001,2.50001
8.31000,9.99999,-1.25000,9.99999,0.00001,2.50001
8.31500,9.99999,-1.25000,9.99999,0.00001,2.50001
8.32000,9.99999,-1.25000,9.99999,0.00001,2.50001
8.32500,9.99999,-1.25000,9.99999,0.00001,2.50001
8.33000,9.99999,-1.25000,9.99999,0.00001,2.50000
8.33500,9.99999,-1.25000,9.99999,0.00001,2.50000
8.34000,9.99999,-1.25000,9.99999,0.00001,2.50000
8.34500,9.99999,-1.25000,9.99999,0.00001,2.50000
8.35000,9.99999,-1.25000,9.99999,0.00001,2.50000
8.35500,9.99999,-1.25000,9.99999,0.00001,2.50000
8.36000,9.99999,-1.25000,9.99999,0.00001,2.50000
8.36500,9.99999,-1.25000,9.99999,0.00001,2.50000
8.37000,9.99999,-1.25000,9.99999,0.00001,2.50000
8.37500,9.99999,-1.25000,9.99999,0.00001,2.50000
8.38000,9.99999,-1.25000,9.99999,0.00001,2.50000
8.38500,9.99999,-1.25000,9.99999,0.00001,2.50000
8.39000,9.99999,-1.25000,9.99999,0.00001,2.50000
8.39500,9.99999,-1.25000,9.99999,0.00001,2.50000
8.40000,9.99999,-1.25000,9.99999,0.00001,2.50000
8.40500,9.99999,-1.25000,9.99999,0.00001,2.50000
8.41000,9.99999,-1.25000,9.99999,0.00001,2.50000
8.41500,9.99999,-1.25000,9.99999,0.00001,2.50000
8.42000,9.99999,-1.25001,9.99999,0.00001,2.50000
8.42500,9.99999,-1.25001,9.99999,0.00001,2.50000
8.43000,9.99999,-1.25001,9.99999,0.00001,2.50000
8.43500,9.99999,-1.25001,9.99999,0.00001,2.50000
8.44000,9.99999,-1.25001,9.99999,0.00001,2.50000
8.44500,9.99999,-1.25001,9.99999,0.00001,2.50000
8.45000,10.00000,-1.25001,10.00000,0.00001,2.50000
8.45500,10.00000,-1.25001,10.00000,0.00001,2.50000
8.46000,10.00000,-1.25001,10.00000,0.00001,2.50000
8.46500,10.00000,-1.25001,10.00000,0.00001,2.50000
8.47000,10.00000,-1.25001,10.00000,0.00001,2.50000
8.47500,10.00000,-1.25001,10.00000,0.00001,2.50000
8.48000,10.00000,-1.25001,10.00000,0.00001,2.50000
8.48500,10.00000,-1.25001,10.00000,0.00001,2.50000
8.49000,10.00000,-1.25001,10.00000,0.00001,2.50000
8.49500,10.00000,-1.25001,10.00000,0.00001,2.50000
8.50000,10.00000,-1.25001,10.00000,0.00001,2.50000
8.50500,10.00000,-1.25001,10.00000,0.00001,2.50000
8.51000,10.00000,-1.25001,10.00000,0.00001,2.50000
8.51500,10.00000,-1.25001,10.00000,0.00001,2.50000
8.52000,10.00000,-1.25001,10.00000,0.00001,2.50000
8.52500,10.00000,-1.25001,10.00000,0.00001,2.50000
8.53000,10.00000,-1.25001,10.00000,0.00001,2.50000
8.53500,10.00000,-1.25001,10.00000,0.00001,2.50000
8.54000,10.00000,-1.25001,10.00000,0.00001,2.50000
8.54500,10.00000,-1.25001,10.00000,0.00001,2.50000
8.55000,10.00000,-1.25001,10.00000,0.00001,2.50000
8.55500,10.00000,-1.25001,10.00000,0.00001,2.50000
8.56000,10.00000,-1.25001,10.00000,0.00001,2.50000
8.56500,10.00000,-1.25001,10.00000,0.00001,2.50000
8.57000,10.00000,-1.25001,10.00000,0.00001,2.50000
8.57500,10.00000,-1.25001,10.00000,0.00001,2.50000
8.58000,10.00000,-1.25001,10.00000,0.00001,2.50000
8.58500,10.00000,-1.25001,10.00000,0.00001,2.50000
8.59000,10.00000,-1.25001,10.00000,0.00001,2.50000
8.59500,10.00000,-1.25001,10.00000,0.00001,2.50000
8.60000,10.00000,-1.25001,10.00000,0.00001,2.50000
8.60500,10.00000,-1.25001,10.00000,0.00001,2.50000
8.61000,10.00000,-1.25001,10.00000,0.00001,2.50000
8.61500,10.00000,-1.25001,10.00000,0.00001,2.50000
8.62000,10.00000,-1.25001,10.00000,0.00001,2.50000
8.62500,10.00000,-1.25001,10.00000,0.00001,2.50000
8.63000,10.00000,-1.25001,10.00000,0.00001,2.50000
8.63500,10.00000,-1.25001,10.00000,0.00001,2.50000
8.64000,10.00000,-1.25001,10.00000,0.00001,2.50000
8.64500,10.00000,-1.25001,10.00000,0.00001,2.50000
8.65000,10.00000,-1.25001,10.00000,0.00001,2.50000
8.65500,10.00000,-1.25001,10.00000,0.00001,2.50000
8.66000,10.00000,-1.25001,10.00000,0.00001,2.50000
8.66500,10.00000,-1.25001,10.00000,0.00001,2.50000
8.67000,10.00000,-1.25001,10.00000,0.00001,2.50000
8.67500,10.00000,-1.25001,10.00000,0.00001,2.50000
8.68000,10.00000,-1.25001,10.00000,0.00001,2.50000
8.68500,10.00000,-1.25001,10.00000,0.00001,2.50000
8.69000,10.00000,-1.25001,10.00000,0.00001,2.50000
8.69500,10.00000,-1.25001,10.00000,0.00001,2.50000
8.70000,10.00000,-1.25001,10.00000,0.00001,2.50000
8.70500,10.00000,-1.25001,10.00000,0.00001,2.50000
8.71000,10.00000,-1.25001,10.00000,0.00001,2.50000
8.71500,10.00000,-1.25001,10.00000,0.00001,2.50000
8.72000,10.00000,-1.25001,10.00000,0.00001,2.50000
8.72500,10.00000,-1.25001,10.00000,0.00001,2.50000
8.73000,10.00000,-1.25001,10.00000,0.00001,2.50000
8.73500,10.00000,-1.25001,10.00000,0.00001,2.50000
8.74000,10.00000,-1.25001,10.00000,0.00001,2.50000
8.74500,10.00000,-1.25001,10.00000,0.00001,2.50000
8.75000,10.00000,-1.25001,10.00000,0.00001,2.50000
8.75500,10.00000,-1.25001,10.00000,0.00001,2.50000
8.76000,10.00000,-1.25001,10.00000,0.00001,2.50000
8.76500,10.00000,-1.25001,10.00000,0.00001,2.50000
8.77000,10.00000,-1.25001,10.00000,0.00001,2.50000
8.77500,10.00000,-1.25001,10.00000,0.00001,2.50000
8.78000,10.00000,-1.25001,10.00000,0.00001,2.50000
8.78500,10.00000,-1.25001,10.00000,0.00001,2.50000
8.79000,10.00000,-1.25001,10.00000,0.00001,2.50000
8.79500,10.00000,-1.25001,10.00000,0.00001,2.50000
8.80000,10.00000,-1.25001,10.00000,0.00001,2.50000
8.80500,10.00000,-1.25001,10.00000,0.00001,2.50000
8.81000,10.00000,-1.25001,10.00000,0.00001,2.50000
8.81500,10.00000,-1.25001,10.00000,0.00001,2.50000
8.82000,10.00000,-1.25001,10.00000,0.00001,2.50000
8.82500,10.00000,-1.25001,10.00000,0.00001,2.50000
8.83000,10.00000,-1.25001,10.00000,0.00001,2.50000
8.83500,10.00000,-1.25001,10.00000,0.00001,2.50000
8.84000,10.00000,-1.25001,10.00000,0.00001,2.50000
8.84500,10.00000,-1.25001,10.00000,0.00001,2.50000
8.85000,10.00000,-1.25001,10.00000,0.00001,2.50000
8.85500,10.00000,-1.25001,10.00000,0.00001,2.50000
8.86000,10.00000,-1.25001,10.00000,0.00000,2.50000
8.86500,10.00000,-1.25001,10.00000,0.00000,2.50000
8.87000,10.00000,-1.25001,10.00000,0.00000,2.50000
8.87500,10.00000,-1.25001,10.00000,0.00000,2.50000
8.88000,10.00000,-1.25001,10.00000,0.00000,2.50000
8.88500,10.00000,-1.25001,10.00000,0.00000,2.50000
8.89000,10.00000,-1.25000,10.00000,0.00000,2.50000
8.89500,10.00000,-1.25000,10.00000,0.00000,2.50000
8.90000,10.00000,-1.25000,10.00000,0.00000,2.50000
8.90500,10.00000,-1.25000,10.00000,0.00000,2.50000
8.91000,10.00000,-1.25000,10.00000,0.00000,2.50000
8.91500,10.00000,-1.25000,10.00000,0.00000,2.50000
8.92000,10.00000,-1.25000,10.00000,0.00000,2.50000
8.92500,10.00000,-1.25000,10.00000,0.00000,2.50000
8.93000,10.00000,-1.25000,10.00000,0.00000,2.50000
8.93500,10.00000,-1.25000,10.00000,0.00000,2.50000
8.94000,10.00000,-1.25000,10.00000,0.00000,2.50000
8.94500,10.00000,-1.25000,10.00000,0.00000,2.50000
8.95000,10.00000,-1.25000,10.00000,0.00000,2.50000
8.95500,10.00000,-1.25000,10.00000,0.00000,2.50000
8.96000,10.00000,-1.25000,10.00000,0.00000,2.50000
8.96500,10.00000,-1.25000,10.00000,0.00000,2.50000
8.97000,10.00000,-1.25000,10.00000,0.00000,2.50000
8.97500,10.00000,-1.25000,10.00000,0.00000,2.50000
8.98000,10.00000,-1.25000,10.00000,0.00000,2.50000
8.98500,10.00000,-1.25000,10.00000,0.00000,2.50000
8.99000,10.00000,-1.25000,10.00000,0.00000,2.50000
8.99500,10.00000,-1.25000,10.00000,0.00000,2.50000
9.00000,10.00000,-1.25000,10.00000,0.00000,2.50000
9.00500,10.00000,-1.25000,10.00000,0.00000,2.50000
9.01000,10.00000,-1.25000,10.00000,0.00000,2.50000
9.01500,10.00000,-1.25000,10.00000,0.00000,2.50000
9.02000,10.00000,-1.25000,10.00000,0.00000,2.50000
9.02500,10.00000,-1.25000,10.00000,0.00000,2.50000
9.03000,10.00000,-1.25000,10.00000,0.00000,2.50000
9.03500,10.00000,-1.25000,10.00000,0.00000,2.50000
9.04000,10.00000,-1.25000,10.00000,0.00000,2.50000
9.04500,10.00000,-1.25000,10.00000,0.00000,2.50000
9.05000,10.00000,-1.25000,10.00000,0.00000,2.50000
9.05500,10.00000,-1.25000,10.00000,0.00000,2.50000
9.06000,10.00000,-1.25000,10.00000,0.00000,2.50000
9.06500,10.00000,-1.25000,10.00000,0.00000,2.50000
9.07000,10.00000,-1.25000,10.00000,0.00000,2.50000
9.07500,10.00000,-1.25000,10.00000,0.00000,2.50000
9.08000,10.00000,-1.25000,10.00000,0.00000,2.50000
9.08500,10.00000,-1.25000,10.00000,0.00000,2.50000
9.09000,10.00000,-1.25000,10.00000,0.00000,2.50000
9.09500,10.00000,-1.25000,10.00000,0.00000,2.50000
9.10000,10.00000,-1.25000,10.00000,0.00000,2.50000
9.10500,10.00000,-1.25000,10.00000,0.00000,2.50000
9.11000,10.00000,-1.25000,10.00000,0.00000,2.50000
9.11500,10.00000,-1.25000,10.00000,0.00000,2.50000
9.12000,10.00000,-1.25000,10.00000,0.00000,2.50000
9.12500,10.00000,-1.25000,10.00000,0.00000,2.50000
9.13000,10.00000,-1.25000,10.00000,0.00000,2.50000
9.13500,10.00000,-1.25000,10.00000,0.00000,2.50000
9.14000,10.00000,-1.25000,10.00000,0.00000,2.50000
9.14500,10.00000,-1.25000,10.00000,0.00000,2.50000
9.15000,10.00000,-1.25000,10.00000,0.00000,2.50000
9.15500,10.00000,-1.25000,10.00000,0.00000,2.50000
9.16000,10.00000,-1.25000,10.00000,0.00000,2.50000
9.16500,10.00000,-1.25000,10.00000,0.00000,2.50000
9.17000,10.00000,-1.25000,10.00000,0.00000,2.50000
9.17500,10.00000,-1.25000,10.00000,0.00000,2.50000
9.18000,10.00000,-1.25000,10.00000,0.00000,2.50000
9.18500,10.00000,-1.25000,10.00000,0.00000,2.50000
9.19000,10.00000,-1.25000,10.00000,0.00000,2.50000
9.19500,10.00000,-1.25000,10.00000,0.00000,2.50000
9.20000,10.00000,-1.25000,10.00000,0.00000,2.50000
9.20500,10.00000,-1.25000,10.00000,0.00000,2.50000
9.21000,10.00000,-1.25000,10.00000,0.00000,2.50000
9.21500,10.00000,-1.25000,10.00000,0.00000,2.50000
9.22000,10.00000,-1.25000,10.00000,0.00000,2.50000
9.22500,10.00000,-1.25000,10.00000,0.00000,2.50000
9.23000,10.00000,-1.25000,10.00000,0.00000,2.50000
9.23500,10.00000,-1.25000,10.00000,0.00000,2.50000
9.24000,10.00000,-1.25000,10.00000,0.00000,2.50000
9.24500,10.00000,-1.25000,10.00000,0.00000,2.50000
9.25000,10.00000,-1.25000,10.00000,0.00000,2.50000
9.25500,10.00000,-1.25000,10.00000,0.00000,2.50000
9.26000,10.00000,-1.25000,10.00000,0.00000,2.50000
9.26500,10.00000,-1.25000,10.00000,0.00000,2.50000
9.27000,10.00000,-1.25000,10.00000,0.00000,2.50000
9.27500,10.00000,-1.25000,10.00000,0.00000,2.50000
9.28000,10.00000,-1.25000,10.00000,0.00000,2.50000
9.28500,10.00000,-1.25000,10.00000,0.00000,2.50000
9.29000,10.00000,-1.25000,10.00000,0.00000,2.50000
9.29500,10.00000,-1.25000,10.00000,0.00000,2.50000
9.30000,10.00000,-1.25000,10.00000,0.00000,2.50000
9.30500,10.00000,-1.25000,10.00000,0.00000,2.50000
9.31000,10.00000,-1.25000,10.00000,0.00000,2.50000
9.31500,10.00000,-1.25000,10.00000,0.00000,2.50000
9.32000,10.00000,-1.25000,10.00000,0.00000,2.50000
9.32500,10.00000,-1.25000,10.00000,0.00000,2.50000
9.33000,10.00000,-1.25000,10.00000,0.00000,2.50000
9.33500,10.00000,-1.25000,10.00000,0.00000,2.50000
9.34000,10.00000,-1.25000,10.00000,0.00000,2.50000
9.34500,10.00000,-1.25000,10.00000,0.00000,2.50000
9.35000,10.00000,-1.25000,10.00000,0.00000,2.50000
9.35500,10.00000,-1.25000,10.00000,0.00000,2.50000
9.36000,10.00000,-1.25000,10.00000,0.00000,2.50000
9.36500,10.00000,-1.25000,10.00000,0.00000,2.50000
9.37000,10.00000,-1.25000,10.00000,0.00000,2.50000
9.37500,10.00000,-1.25000,10.00000,0.00000,2.50000
9.38000,10.00000,-1.25000,10.00000,0.00000,2.50000
9.38500,10.00000,-1.25000,10.00000,0.00000,2.50000
9.39000,10.00000,-1.25000,10.00000,0.00000,2.50000
9.39500,10.00000,-1.25000,10.00000,0.00000,2.50000
9.40000,10.00000,-1.25000,10.00000,0.00000,2.50000
9.40500,10.00000,-1.25000,10.00000,0.00000,2.50000
9.41000,10.00000,-1.25000,10.00000,0.00000,2.50000
9.41500,10.00000,-1.25000,10.00000,0.00000,2.50000
9.42000,10.00000,-1.25000,10.00000,0.00000,2.50000
9.42500,10.00000,-1.25000,10.00000,0.00000,2.50000
9.43000,10.00000,-1.25000,10.00000,0.00000,2.50000
9.43500,10.00000,-1.25000,10.00000,0.00000,2.50000
9.44000,10.00000,-1.25000,10.00000,0.00000,2.50000
9.44500,10.00000,-1.25000,10.00000,0.00000,2.50000
9.45000,10.00000,-1.25000,10.00000,0.00000,2.50000
9.45500,10.00000,-1.25000,10.00000,0.00000,2.50000
9.46000,10.00000,-1.25000,10.00000,0.00000,2.50000
9.46500,10.00000,-1.25000,10.00000,0.00000,2.50000
9.47000,10.00000,-1.25000,10.00000,0.00000,2.50000
9.47500,10.00000,-1.25000,10.00000,0.00000,2.50000
9.48000,10.00000,-1.25000,10.00000,0.00000,2.50000
9.48500,10.00000,-1.25000,10.00000,0.00000,2.50000
9.49000,10.00000,-1.25000,10.00000,0.00000,2.50000
9.49500,10.00000,-1.25000,10.00000,0.00000,2.50000
9.50000,10.00000,-1.25000,10.00000,0.00000,2.50000
9.50500,10.00000,-1.25000,10.00000,0.00000,2.50000
9.51000,10.00000,-1.25000,10.00000,0.00000,2.50000
9.51500,10.00000,-1.25000,10.00000,0.00000,2.50000
9.52000,10.00000,-1.25000,10.00000,0.00000,2.50000
9.52500,10.00000,-1.25000,10.00000,0.00000,2.50000
9.53000,10.00000,-1.25000,10.00000,0.00000,2.50000
9.53500,10.00000,-1.25000,10.00000,0.00000,2.50000
9.54000,10.00000,-1.25000,10.00000,0.00000,2.50000
9.54500,10.00000,-1.25000,10.00000,0.00000,2.50000
9.55000,10.00000,-1.25000,10.00000,0.00000,2.50000
9.55500,10.00000,-1.25000,10.00000,0.00000,2.50000
9.56000,10.00000,-1.25000,10.00000,0.00000,2.50000
9.56500,10.00000,-1.25000,10.00000,0.00000,2.50000
9.57000,10.00000,-1.25000,10.00000,0.00000,2.50000
9.57500,10.00000,-1.25000,10.00000,0.00000,2.50000
9.58000,10.00000,-1.25000,10.00000,0.00000,2.50000
9.58500,10.00000,-1.25000,10.00000,0.00000,2.50000
9.59000,10.00000,-1.25000,10.00000,0.00000,2.50000
9.59500,10.00000,-1.25000,10.00000,0.00000,2.50000
9.60000,10.00000,-1.25000,10.00000,0.00000,2.50000
9.60500,10.00000,-1.25000,10.00000,0.00000,2.50000
9.61000,10.00000,-1.25000,10.00000,0.00000,2.50000
9.61500,10.00000,-1.25000,10.00000,0.00000,2.50000
9.62000,10.00000,-1.25000,10.00000,0.00000,2.50000
9.62500,10.00000,-1.25000,10.00000,0.00000,2.50000
9.63000,10.00000,-1.25000,10.00000,0.00000,2.50000
9.63500,10.00000,-1.25000,10.00000,0.00000,2.50000
9.64000,10.00000,-1.25000,10.00000,0.00000,2.50000
9.64500,10.00000,-1.25000,10.00000,0.00000,2.50000
9.65000,10.00000,-1.25000,10.00000,0.00000,2.50000
9.65500,10.00000,-1.25000,10.00000,0.00000,2.50000
9.66000,10.00000,-1.25000,10.00000,0.00000,2.50000
9.66500,10.00000,-1.25000,10.00000,0.00000,2.50000
9.67000,10.00000,-1.25000,10.00000,0.00000,2.50000
9.67500,10.00000,-1.25000,10.00000,0.00000,2.50000
9.68000,10.00000,-1.25000,10.00000,0.00000,2.50000
9.68500,10.00000,-1.25000,10.00000,0.00000,2.50000
9.69000,10.00000,-1.25000,10.00000,0.00000,2.50000
9.69500,10.00000,-1.25000,10.00000,0.00000,2.50000
9.70000,10.00000,-1.25000,10.00000,0.00000,2.50000
9.70500,10.00000,-1.25000,10.00000,0.00000,2.50000
9.71000,10.00000,-1.25000,10.00000,0.00000,2.50000
9.71500,10.00000,-1.25000,10.00000,0.00000,2.50000
9.72000,10.00000,-1.25000,10.00000,0.00000,2.50000
9.72500,10.00000,-1.25000,10.00000,0.00000,2.50000
9.73000,10.00000,-1.25000,10.00000,0.00000,2.50000
9.73500,10.00000,-1.25000,10.00000,0.00000,2.50000
9.74000,10.00000,-1.25000,10.00000,0.00000,2.50000
9.74500,10.00000,-1.25000,10.00000,0.00000,2.50000
9.75000,10.00000,-1.25000,10.00000,0.00000,2.50000
9.75500,10.00000,-1.25000,10.00000,0.00000,2.50000
9.76000,10.00000,-1.25000,10.00000,0.00000,2.50000
9.76500,10.00000,-1.25000,10.00000,0.00000,2.50000
9.77000,10.00000,-1.25000,10.00000,0.00000,2.50000
9.77500,10.00000,-1.25000,10.00000,0.00000,2.50000
9.78000,10.00000,-1.25000,10.00000,0.00000,2.50000
9.78500,10.00000,-1.25000,10.00000,0.00000,2.50000
9.79000,10.00000,-1.25000,10.00000,0.00000,2.50000
9.79500,10.00000,-1.25000,10.00000,0.00000,2.50000
9.80000,10.00000,-1.25000,10.00000,0.00000,2.50000
9.80500,10.00000,-1.25000,10.00000,0.00000,2.50000
9.81000,10.00000,-1.25000,10.00000,0.00000,2.50000
9.81500,10.00000,-1.25000,10.00000,0.00000,2.50000
9.82000,10.00000,-1.25000,10.00000,0.00000,2.50000
9.82500,10.00000,-1.25000,10.00000,0.00000,2.50000
9.83000,10.00000,-1.25000,10.00000,0.00000,2.50000
9.83500,10.00000,-1.25000,10.00000,0.00000,2.50000
9.84000,10.00000,-1.25000,10.00000,0.00000,2.50000
9.84500,10.00000,-1.25000,10.00000,0.00000,2.50000
9.85000,10.00000,-1.25000,10.00000,0.00000,2.50000
9.85500,10.00000,-1.25000,10.00000,0.00000,2.50000
9.86000,10.00000,-1.25000,10.00000,0.00000,2.50000
9.86500,10.00000,-1.25000,10.00000,0.00000,2.50000
9.87000,10.00000,-1.25000,10.00000,0.00000,2.50000
9.87500,10.00000,-1.25000,10.00000,0.00000,2.50000
9.88000,10.00000,-1.25000,10.00000,0.00000,2.50000
9.88500,10.00000,-1.25000,10.00000,0.00000,2.50000
9.89000,10.00000,-1.25000,10.00000,0.00000,2.50000
9.89500,10.00000,-1.25000,10.00000,0.00000,2.50000
9.90000,10.00000,-1.25000,10.00000,0.00000,2.50000
9.90500,10.00000,-1.25000,10.00000,0.00000,2.50000
9.91000,10.00000,-1.25000,10.00000,0.00000,2.50000
9.91500,10.00000,-1.25000,10.00000,0.00000,2.50000
9.92000,10.00000,-1.25000,10.00000,0.00000,2.50000
9.92500,10.00000,-1.25000,10.00000,0.00000,2.50000
9.93000,10.00000,-1.25000,10.00000,0.00000,2.50000
9.93500,10.00000,-1.25000,10.00000,0.00000,2.50000
9.94000,10.00000,-1.25000,10.00000,0.00000,2.50000
9.94500,10.00000,-1.25000,10.00000,0.00000,2.50000
9.95000,10.00000,-1.25000,10.00000,0.00000,2.50000
9.95500,10.00000,-1.25000,10.00000,0.00000,2.50000
9.96000,10.00000,-1.25000,10.00000,0.00000,2.50000
9.96500,10.00000,-1.25000,10.00000,0.00000,2.50000
9.97000,10.00000,-1.25000,10.00000,0.00000,2.50000
9.97500,10.00000,-1.25000,10.00000,0.00000,2.50000
9.98000,10.00000,-1.25000,10.00000,0.00000,2.50000
9.98500,10.00000,-1.25000,10.00000,0.00000,2.50000
9.99000,10.00000,-1.25000,10.00000,0.00000,2.50000
9.99500,10.00000,-1.25000,10.00000,0.00000,2.50000
